id	Sequence	query	Description	length	acidic_count	basic_count	acidic_ratio	basic_ratio	ED_RK_ratio	ED_IK_ratio	net_charge_pH7	MW	pI	aromaticity	instability_index	GRAVY
id	label	label	label	label	label	label	label	label	label	label	label	label	label	label	label	label
DUMMY_F1	YWRTRAADEPWLELCTNGAWEASASPQVMDNVSCNCWFKSWVLESDEIELREAMTYDRCDIDPCACRDVYWITFAGMNFPLHRAKKTFFPYEDHKTGKEQICMEMHHTMNKMLKPCINPNFMV	False	Dummy fasta protein number 1	123	18	13	0.14634146341463414	0.10569105691056911	1.3846153846153846	1.5	-4.944387856722585	14569.57859999998	5.296223258972168	0.13008130081300812	44.485365853658536	-0.47967479674796754
DUMMY_F2	FASFMSEACKMGISNLDDAQQFKQRQIKQTNLVEGESDSAHMHDYEGGTCMLEVEANCLVKSHGVCKEMKQYIAHEVHRNICPNHDHAAFNRPVPNFCGVRCSKIMCEMAEGH	False	Dummy fasta protein number 2	113	15	11	0.13274336283185842	0.09734513274336283	1.3636363636363635	1.25	-3.597035384725766	12731.369699999988	6.037290000915527	0.061946902654867256	46.417699115044236	-0.49115044247787626
D00003	VLHESYSSKEGTYHLISYSCTTHHEESADLACGIRIHKKDLDHWMNKFPSSCIFMCEYYNERPWDENNNCCHMQNRMKTPSNKIRYRCVQFH	False	Dummy annotated protein 3 OS=Nullospora referens	92	11	11	0.11956521739130435	0.11956521739130435	1.0	1.0	0.37419323138261085	11076.37659999999	7.187370109558106	0.11956521739130435	53.70543478260868	-0.907608695652174
DUMMY_F4	LVWSMKSHATPMQKMQQTMSEISPHFFELMRVVRVPSTEDPMNWWWQGKAICDLECCHKGENTMCRPWNWWTPKDPSTQKMWSLDQRINSMLIVWAQCVFGRQLDM	False	Dummy fasta protein number 4	106	10	11	0.09433962264150944	0.10377358490566038	0.9090909090909091	1.0	0.9857313375292787	12720.729299999995	7.834472084045411	0.11320754716981132	39.304716981132074	-0.49339622641509423
D00005	KRHMHFPARGTIIKYFITILLRMDWRYLDTFGHNFACALGTIDQEHQKFAHVCPCRFFPNFEVWAMATFYEIICPDPVWPCNGDLHERLMTTKVAQLFPQHTEG	True	Dummy annotated protein 5 OS=Fakeomonas fictus	104	10	10	0.09615384615384616	0.09615384615384616	1.0	0.9090909090909091	0.33341908964862377	12316.180999999991	7.19220142364502	0.15384615384615383	39.196249999999985	-0.13750000000000007
DUMMY_F6	TYMAYYCHHYMQWSLQIHHRDHYMAYPKFGHFIYGLTERMKLMKHISRRWHYMLDLYAYAHQCCQHGWLYVEPSHPTNEQFWQHYHRWVSMTFQFRILRACVGSCDIRDLQKTGSIASCIN	False	Dummy fasta protein number 6	121	7	12	0.05785123966942149	0.09917355371900827	0.5833333333333334	0.6363636363636364	5.468905515577184	14939.044799999996	8.930305671691897	0.18181818181818182	90.30661157024792	-0.5049586776859507
DUMMY_F7	HAQLCWWNNFHVENIQWFTYASIDCYWVVQPIIKSTPGAEKEMFINQRKRDMGINMQMICYCQWPWLSTNCPFPNTFDRMGFLENCDYTFDCVWEILPNKCWVVP	False	Dummy fasta protein number 7	105	10	7	0.09523809523809523	0.06666666666666667	1.4285714285714286	0.8333333333333334	-3.1331238232203393	12727.58019999999	5.136846733093261	0.18095238095238092	35.85142857142857	-0.2171428571428571
DUMMY_F8	MHQTRGMTVSSNMHNTLWNKARHKEIPMHKIHNMCSLECWPFADKSWGAPNYHLPSAFPIQYMKKKAAGTIHTQSSQEYKKHMQTIADVGRFMRFPRNRASWAFGGEPQVCTFFWILTPAIVDACDSDKDADLYPMHHKNFIKYEWAHTVEWYQ	False	Dummy fasta protein number 8	154	13	18	0.08441558441558442	0.11688311688311688	0.7222222222222222	0.65	5.42633287898191	18131.574199999995	9.063110542297363	0.13636363636363635	59.069480519480535	-0.6428571428571433
DUMMY_F9	PVSADDLCFMVYIGNKCEIATYKETDDLHMYCETHRRGEHCEEWDFNRRITYNWTQLPEYAASQNSSMWTQSACWQTMAPNIRWRYMFYQGDDEHCKLIIKAT	False	Dummy fasta protein number 9	103	15	10	0.14563106796116504	0.0970873786407767	1.5	1.5	-4.7329003080217795	12389.77989999999	5.227107048034666	0.14563106796116504	57.919514563106794	-0.7378640776699031
DUMMY_F10	VRCYLAETWPNKPHTYNFNNFNNQVRVFHEPENNTFPAAFSTHMMRQSNLSETKNHDKDSEWMSYITCLPHMEITKFCDDCCQTILIDAMCFWGCTHNMEVPGWDGYLPECCGYQCGQILARAYMDPVHYCQMWFKSRQDMVMVKAWWNYN	False	Dummy fasta protein number 10	151	16	11	0.10596026490066225	0.0728476821192053	1.4545454545454546	1.4545454545454546	-4.747289413533428	18025.3522	5.734736061096191	0.152317880794702	48.046357615894046	-0.5344370860927157
DUMMY_F11	QEAEENHKAPCEPCKNISGGMYGYDEEMMERGHKKLLSATLHQLKRVSAKNDHRAQWAAYKTVVWSVFQWCPRKTEHSNKGKLCNNYPIS	False	Dummy fasta protein number 11	90	10	14	0.1111111111111111	0.15555555555555556	0.7142857142857143	0.8333333333333334	4.167067799145553	10420.717999999997	8.951193428039552	0.08888888888888889	39.347777777777765	-1.0033333333333339
DUMMY_F12	MKRAKQLTNQTQDCIYKVWTIELNRAHSGITFVVKPVQADRMFWNPGIRPDCRMIHYEHKIQMETPTFQRDSVSDVYNYDRWAQFRMHMCQQHNSAYACYSARALIEYKMIIEFQKQVYDCLRPAKKGYCVYMAHQEAEVNN	False	Dummy fasta protein number 12	142	14	19	0.09859154929577464	0.13380281690140844	0.7368421052631579	0.7777777777777778	4.9724314188851615	17040.4178	8.89342975616455	0.1267605633802817	53.80422535211269	-0.6366197183098591
DUMMY_F13	WYRHLDWHIDCWWGHDYAYVYHPITEWAFQRCNLNRVRYHIPRSWNCAICCDWQPNHHLHEWCRIYIKRNFFCQMIPVLGCWPEPNEWVYIMGPDLMAIYFQGSVTAGDFYLVFFG	False	Dummy fasta protein number 13	116	10	8	0.08620689655172414	0.06896551724137931	1.25	1.0	-1.6138063963241898	14366.336399999993	6.445393943786621	0.22413793103448276	35.27422413793103	-0.2198275862068967
DUMMY_F14	GWDTSLMSFQYKMCTPLMCKPVHSNWSPYWQCKTFNWNEREMMEVNRCKIYIESPIPHFTRVSGAWAQTFQWHHGDHDWAFQFPYHVPFTYNHHAGSGEWNAFEQCATMMALIFPAPDHRAILYGDNAHYH	False	Dummy fasta protein number 14	131	11	8	0.08396946564885496	0.061068702290076333	1.375	1.2222222222222223	-2.319049699555821	15631.470699999993	6.405777168273925	0.183206106870229	39.88931297709922	-0.5564885496183211
D00015	CYYKELAWWHCCQTLFDRYPPYKWENFWNLALNFWMISLNNEKKWGTETWLHIHRDMCGPFDIKHNMLVYTHGIAKMAYVSCDQAQDFMTYHMTILTYDIRIGTCDCYHGNLCITDARKPKHYCYMTKANPNWPDKTGN	False	Dummy annotated protein 15 OS=Prototypus fictus	139	13	14	0.09352517985611511	0.10071942446043165	0.9285714285714286	0.7222222222222222	1.3686958851073268	16797.146199999996	7.7030134201049805	0.1726618705035971	33.14244604316546	-0.5424460431654679
DUMMY_F16	VPEWFGLFDAFKDNLWKIEVNHPWRQAMKFKHSDNYGKRTMGQKTELALRRAPIYMYGENGWTVNWQYAMPYQIIHPFDNEACRLKQIDAYAGENNLSTVLLYWCSIFAQVSDPIGTCIEFGVAN	False	Dummy fasta protein number 16	125	13	12	0.104	0.096	1.0833333333333333	0.8666666666666667	-1.0218302296125952	14630.506799999988	6.314039039611817	0.15999999999999998	43.888799999999996	-0.37680000000000036
D00017	PRLTSVTKFCRAEPRCLHLDFVPTGRIKQQFPYILAVIGTCHVMQFQKQCRYKVHRCQMALKRNVCATEQFCCQCVYCDCCWSNWFFDARYETFHPNHQ	False	Dummy annotated protein 17 OS=Blankomyces fakei	99	6	13	0.06060606060606061	0.13131313131313133	0.46153846153846156	0.75	7.278310588211319	11859.767399999993	8.928565025329593	0.14141414141414144	27.477777777777767	-0.29292929292929293
DUMMY_F18	NFTFYVPWSTLRYMLYNQEPPVWSLRAGTIKGQKNTFRSQGHLGNYYPHGSWKQCRGCSFTICKIECNYPRTVLIGKPFMSKWNNMVYIVNEYMVVG	False	Dummy fasta protein number 18	97	3	11	0.030927835051546393	0.1134020618556701	0.2727272727272727	0.2727272727272727	7.889241402736051	11443.145299999996	9.575827598571777	0.17525773195876287	52.04546391752574	-0.37422680412371107
DUMMY_F19	CWIVIPQMWAYHSGPTGLKLMTVGDFDCNVHPLAIRTPISFAQLWPNNWIQCKKSGCCREMPYARITSWWYPDPGLDIIMQNEEEGECGDQSVFGPAQSNSTQYICYTDGDQRFMWKSTKESMTGFSVHP	False	Dummy fasta protein number 19	130	13	9	0.1	0.06923076923076923	1.4444444444444444	0.9285714285714286	-4.033004662911845	14891.78059999999	5.188456535339354	0.13076923076923078	29.52230769230769	-0.4007692307692307
DUMMY_F20	KLPTRTWESDHHWYYYAPRHEFTHIAHTREHCMLTQAVMQAFYRCVTMTGEDEYLEPGLRMCLPTGTKDHWEDAGWGDFLESAKAEVMAQARKSDYRIWTCKKMIAAEQMWMAYNS	False	Dummy fasta protein number 20	116	16	13	0.13793103448275862	0.11206896551724138	1.2307692307692308	1.7777777777777777	-2.6475108553404763	13813.552399999991	6.154150962829589	0.13793103448275862	34.72163793103448	-0.6879310344827592
D00021	CCNPKGKLGERHWHEVFKKRILAAERVLRMRKFIWQSGKTAWGEGQFIHCGPNTKNANKQIWSRLHCNIMDWANRKEVSMLMEQFCVIYIPEVRKDENQYNQYSWI	False	Dummy annotated protein 21 OS=Blankomyces standardus	106	10	18	0.09433962264150944	0.16981132075471697	0.5555555555555556	0.5555555555555556	8.070951622190954	12784.700299999999	9.50832920074463	0.12264150943396226	24.111320754716978	-0.7226415094339622
DUMMY_F22	PYDYIETWFVRCLKKQPAWWCGEPGPESWSMIRVLVGYYKIWLNICCGMVCYVAHHTLQRYAAKIIINWNKPAMNDTNGFMWGARMMQNECSHFLHWAFYQMHWLLYHLELFFKFASARTVQASMPGS	False	Dummy fasta protein number 22	128	7	11	0.0546875	0.0859375	0.6363636363636364	0.5384615384615384	4.42442587477154	15296.752799999987	8.82148303985596	0.1875	38.086015624999995	-0.061718750000000024
DUMMY_F23	CFESIGMAPHMFNEFIQTMVAKNWHIDAMMKVEEGFARTYWEKKLLGQLPDRCISPQGKAEMMCWQCKVYIWYNYTYELTDKNVIRSSIPNRGTTIQHLSKTTLFFRMKYQMSNVRYPRFVGAFKPPDSNDQQ	False	Dummy fasta protein number 23	133	12	17	0.09022556390977443	0.12781954887218044	0.7058823529411765	0.6666666666666666	4.990244240785696	15811.167199999982	9.081870841979981	0.14285714285714285	27.767669172932315	-0.5097744360902258
DUMMY_F24	QKGPDPEYGIKYAWQYCKAPGVETNAPNPRTTATDENDTAMFPVNGKQYERDCAKSGLACAPIMNPYFTMIYNACAGGFHPWPLAQRYIIVDCSYWVCHYGEVKSRMCWKLYFRLD	False	Dummy fasta protein number 24	116	11	12	0.09482758620689655	0.10344827586206896	0.9166666666666666	0.9166666666666666	0.8720678206348094	13307.054399999995	7.706366920471192	0.15517241379310345	24.277586206896554	-0.4939655172413796
D00025	AWMVVYTKPGVTAEEEYFAKAEQGEQAYVVVIHVVWNLDGILSLVRASFHAYQADVFFQFWTNSIMMEGFNLDRANIEKLPGSNTWQGRAQISVHNWADHETLYRNTWYMLATFPQCYWLTFLGMFRGILQHCCGSTS	False	Dummy annotated protein 25 OS=Sampleorganismus placeholdi	138	12	8	0.08695652173913043	0.057971014492753624	1.5	1.3333333333333333	-3.78103071111496	16000.00609999999	5.643225288391113	0.16666666666666669	27.320289855072453	-0.03913043478260864
DUMMY_F26	TGCRGEMQMMGQMWDQLYIEKMVNMMVEYRYTTGEPIDWGRVQEYRYSFKNGKPHGKLFSHIRTNLVFRMHIADLNTQPTMDYNERIEWVEVWEWHEVPLVSAQD	False	Dummy fasta protein number 26	105	15	11	0.14285714285714285	0.10476190476190476	1.3636363636363635	1.6666666666666667	-4.236178325965421	12736.398799999995	5.511927223205565	0.13333333333333333	20.616190476190475	-0.6885714285714288
D00027	EGHESLRVIFEKEPVCQGTHKLTEDIYCDYSCGKYKCYEKKAMYRVAFRKELFIQRKDCKLQRKKDERQKAQDIVIYVKFIRHRSGVVSGAWWR	False	Dummy annotated protein 27 OS=Nullospora exemplaris	94	13	22	0.13829787234042554	0.23404255319148937	0.5909090909090909	0.6842105263157895	9.055051253397373	11380.097399999993	9.462685585021976	0.1276595744680851	37.903191489361696	-0.8212765957446811
DUMMY_F28	YSGDMPRHNHILITMHSMRTARHAPEGHYKKCSIKCCTISMCEAHHWAILMLFDRFLGMIIKHEWHRAKKFWEWGYNHQHFFWMVWTPQFPSHAKDRACANWPYFNHHTRPDPFDDLT	False	Dummy fasta protein number 28	118	10	14	0.0847457627118644	0.11864406779661017	0.7142857142857143	0.7142857142857143	4.937942702501363	14391.426599999982	8.905678749084473	0.1610169491525424	43.00762711864406	-0.6338983050847458
DUMMY_F29	GYLCHESKNDLEGMFPRHPYGGPMTWNLEDWHQVRDMMNKETAETQLDWYLSLLNYHYGIPHFKFELITDDERFTKGLRDLLNEPDTEGSSMGESVNNWPECGSVGAFQERVGDVERCSCIHCAINWNLYTQMCYKESHIDNMDCWGDGPDM	False	Dummy fasta protein number 29	152	27	11	0.17763157894736842	0.07236842105263158	2.4545454545454546	2.7	-15.657117650266752	17738.537099999994	4.561295127868653	0.11842105263157895	31.26184210526315	-0.7460526315789476
DUMMY_F30	SVGVYGKGHLSRHAHEDLAWSKYSSYYLGTGVTHWQTDKWIAAPTTTCNCYTPESHVLCAGWYMFWVYCPIAACNRKIYYEWVETKFQNNTHAKPKALKVYTYYRYSMPA	False	Dummy fasta protein number 30	110	6	11	0.05454545454545454	0.1	0.5454545454545454	0.5454545454545454	4.926160987343578	12863.47199999999	8.940556144714357	0.19090909090909092	21.306363636363635	-0.44909090909090904
DUMMY_F31	VMMCVHCSRSQEKLTAYPKDQYWCAHYWLTQRCMRHTWNGIFRPESILDRYECLHWNKCMIEHVDYDWSMFAADSLFHVFWLSSVLPNESRIVAWFWVLFQLQPLWDYRVQFMTPWINAPHMRASV	False	Dummy fasta protein number 31	126	11	11	0.0873015873015873	0.0873015873015873	1.0	1.375	0.29650763445730277	15496.799199999996	7.163327217102051	0.18253968253968253	48.36825396825396	-0.1714285714285714
DUMMY_F32	EAFMNITQNKTDGWIQVGDMTAKATHTVVESQVPSDRFHGKVGECGHCGQQKVGAENFQFMYSKQEFQEFYPYTCYRGWNASNFLISPNPMLMDSLCVMWAQW	False	Dummy fasta protein number 32	103	10	7	0.0970873786407767	0.06796116504854369	1.4285714285714286	1.25	-2.931729432099866	11856.263099999996	5.457475471496582	0.14563106796116504	30.918543689320373	-0.4553398058252427
DUMMY_F33	AQALAECKHHDFSINWGIPCNRLDVCPVTRYMITNMLWRLLEFEIVYCMYFNKNIHFVNYMFPNHNVWTALIPDNIMGSYCNIVMKDSLFHNHSWGNPVTACFLLTWGYYSYDPVYTRCVLCKNRVCTFHTVIWWA	False	Dummy fasta protein number 33	136	8	9	0.058823529411764705	0.0661764705882353	0.8888888888888888	0.6153846153846154	1.3179831728769429	16232.747599999999	7.738310432434083	0.17647058823529413	42.121323529411775	0.11397058823529406
DUMMY_F34	HWIQLTSMKHKQVWLTNAIWPQRPSCCQEWNERVQWIIIPHWDIKIYHVYHINYIPESVISCHMSGYAFMLEPRPQMIEIDRTFNEPRMARPLAT	False	Dummy fasta protein number 34	95	8	9	0.08421052631578947	0.09473684210526316	0.8888888888888888	0.5333333333333333	1.2654950607457334	11587.367299999989	7.965729713439941	0.12631578947368421	61.64315789473685	-0.3757894736842108
DUMMY_F35	FPPPEKYCHLESTHQDTPMFAGDYNPFMESVQNWKCVSYYEQMRKKSITVWAYSSYMPAMELVMPLEWWPFCPMCIRINEVVQHTVQTDKNGRKTRSYCWFTLEQVILQKFDCTQHSNQSTITLCYHFRINRHQYCKMPYMFDRFLEVSLYFHHCTAY	False	Dummy fasta protein number 35	158	14	15	0.08860759493670886	0.0949367088607595	0.9333333333333333	1.0	1.3792341525130016	19235.962100000015	7.706310081481934	0.1708860759493671	52.64113924050635	-0.48037974683544316
DUMMY_F36	DQNERHTLSKVPVFWRGPGDGPTKKFIIKYNEAKKYIHLSVRQSAENRGNCLNWRMVDRMYKATTQNLTYHWDLFMWCIFPQCVVDNDRWDGNYTLQTWIPDWHGEHDQENSSL	False	Dummy fasta protein number 36	114	14	14	0.12280701754385964	0.12280701754385964	1.0	1.1666666666666667	0.17835073220184405	13719.228699999992	7.125245094299316	0.14035087719298245	25.47719298245614	-0.9149122807017549
DUMMY_F37	VGIEYRDKRWTCHEPSVDEAPLSSNRSLKNHHMCCMDMVEFEIYLFTELWGLPRVIMNNFYPYENMMFCDQIFYSKDSGIVPAMGVQSFQAMWPFNFFKWQPCIGWFQWKGSHEIIPLWRVSAKCDKNSFFVHHR	False	Dummy fasta protein number 37	135	14	13	0.1037037037037037	0.0962962962962963	1.0769230769230769	0.9333333333333333	-0.7852121710746545	16245.594500000001	6.6307458877563485	0.17777777777777776	48.02311111111109	-0.28518518518518526
DUMMY_F38	GMPFHPAVSKFERGTYSHRCVPQGDLPVRFIKYLDTYFNCTWFYVWRHWFKNPFTQVICTYDDMASFFDAYMRPGYIQIESHYLSTTRPLWNDRDQSQYCRLFVGWVAYVGFYWCQEPREYLPPCIIYLNE	False	Dummy fasta protein number 38	131	12	12	0.0916030534351145	0.0916030534351145	1.0	1.3333333333333333	0.060453327742020946	15995.055600000002	7.0439653396606445	0.22900763358778625	52.72610687022902	-0.3549618320610686
DUMMY_F39	QQHLGCCFVYSRSERPFQKMDWTCFVNTWMVMKQPMQLTNDKVFFRVKHSEHAAARVFFKMFGICGHCNFWSVVIQCNVMADLDINLIPVQLFICVDMEWKSVDVKKEQIQHHRKISEAMSWLRNKMLSLMNKWCFGHGWDGRGFHEMYRDYMPELHD	False	Dummy fasta protein number 39	158	16	19	0.10126582278481013	0.12025316455696203	0.8421052631578947	0.8888888888888888	3.4843363583808618	19004.049300000002	8.44711513519287	0.13924050632911392	35.86645569620253	-0.2651898734177215
DUMMY_F40	NKVYKETDVIPECKVCILFEMFGYLCINASSPWERTCEVMLCLSWTPQCLGQGDPIEWLITFCDPAGWRCYFNQRKRLAQKQLNLCHSMHQDQMRFAHEWMRYALCDPIEPRVSWDSLPMQLIIK	False	Dummy fasta protein number 40	125	14	13	0.112	0.104	1.0769230769230769	1.0	-1.0582374699023038	14867.27619999999	6.318188285827637	0.12	51.3024	-0.20880000000000004
D00041	VMAWMIKGDDRRLDKYRKIRWGWPNLNQQFCHPPPNCQVSFKSQFKGHFNWCAQLNPKICTRPVCKCVMVWCMNLMLFIEEFLDGAHYDAWPGTWMTVPTHKTIPVM	False	Dummy annotated protein 41 OS=Pseudodatum fakei	107	7	13	0.06542056074766354	0.12149532710280374	0.5384615384615384	0.5384615384615384	6.0145629314360605	12746.966399999994	9.099857521057132	0.14018691588785048	44.450467289719626	-0.28411214953271036
DUMMY_F42	KEYDIAFVPGLNADDRMWGSRPYQPPNTSKCLKMVSEVNNCWHFHHNQEQGLHCTSFGMRKIDEEADMFIMPHRRSHRHGCVPCDPDHQDNVIVD	False	Dummy fasta protein number 42	95	14	10	0.14736842105263157	0.10526315789473684	1.4	1.75	-3.57074377573111	11105.35809999999	6.027058982849121	0.08421052631578947	56.51157894736844	-0.8631578947368422
DUMMY_F43	QSDCHECLTEQEPIALLYFQMSCCNWTTCSQFLNAYEQYCAKTWLKLWQQDWEENWRCLKIFICMKQCIAHSYDQDYENDKVEKQRCGYCGCFNRSARKCSKNPIHWAMLYNLHALAWI	False	Dummy fasta protein number 43	119	13	12	0.1092436974789916	0.10084033613445378	1.0833333333333333	0.9285714285714286	-1.0068520181795897	14387.363699999984	6.445564460754394	0.1512605042016807	48.58235294117645	-0.5126050420168068
DUMMY_F44	SHKCHSFNIKVDFSMIYHNCHTARMCRNVNGRCIPRHIFTDSMPPISSYYADLVCYHQMFCQRTDDAVDTAPCSYNGKCEHWPWNDGFHQK	False	Dummy fasta protein number 44	91	8	9	0.08791208791208792	0.0989010989010989	0.8888888888888888	0.8888888888888888	1.0799468245233257	10717.026199999991	7.615822410583497	0.13186813186813187	38.48241758241757	-0.6285714285714288
D00045	QTARLARLMHWQEWIAQWLRVNIWECTGATTNKIISCALMMWNVIFKYECNHTYMCLDNKFLLQMIFSNNYQKWEYYLMWPTDWFMRLVGHWLCGCLVHAAQKNCWVWTNDYPPSKHMKAPSWGGCEHPCMCDLWYKMVHPTPHEHGVGVRW	False	Dummy annotated protein 45 OS=Fakeomonas fictus	152	10	13	0.06578947368421052	0.08552631578947369	0.7692307692307693	0.7142857142857143	3.4519702086041093	18405.3572	8.350928306579593	0.16447368421052633	48.491447368421056	-0.2546052631578948
DUMMY_F46	LHIFSDGASMGRCATDRTASQDITDNDWSHCSHNPSCQEGGVNCMVGELDEKVWGHYNCEAIFKLMILIACAPRMTNHHFHWKPEPVIHGTMNAGVPDNYMSTKCDSEKKSPFVTCWNGVQADCFNLPKPEKRH	False	Dummy fasta protein number 46	134	16	12	0.11940298507462686	0.08955223880597014	1.3333333333333333	1.1428571428571428	-3.5247095297294404	15064.882999999989	6.111692237854004	0.08208955223880599	52.214179104477594	-0.5447761194029852
DUMMY_F47	RMDYNATRYVMEGREFYATRHMQRFMQERSGHWWDHWWAFAYAGMAGRKEQDNAAFVIRAIPYFPEGIPVGAAPQILIFFFWRNCDSWVVKMEYTIASPIRWDNWQD	False	Dummy fasta protein number 47	107	12	12	0.11214953271028037	0.11214953271028037	1.0	1.3333333333333333	0.03039942094766701	12992.605299999992	7.028561973571777	0.20560747663551399	49.45336448598129	-0.48224299065420556
DUMMY_F48	YHQSLEMTLVKELKILRLRTASGHRSTLHSEPKASPFDWIQEIMPPEWIKKCETCEAHARHCLRQSRKPSGPMIETKSRCNVCVIDLNWNNVCFAPQQTTVSHPESNSQGSFNYELYPHNGDLAEKMHINDRYWFTNKRNMQWQSHH	False	Dummy fasta protein number 48	147	15	18	0.10204081632653061	0.12244897959183673	0.8333333333333334	0.9375	3.5947586695187823	17331.448099999994	8.572635078430178	0.08843537414965986	68.50816326530614	-0.8693877551020411
DUMMY_F49	DCNPCHFNRGGLRGGKDDCGQRHVMWSCNFTGTDKGSWCKSHLMHYYHGGTMRCPIRQDEMDYMLAPPVYPECPMHGSNMWLSHKGMSLANCTWVPH	False	Dummy fasta protein number 49	97	8	9	0.08247422680412371	0.09278350515463918	0.8888888888888888	1.6	1.3825906815273932	11103.606899999995	7.7632627487182635	0.10309278350515462	64.14123711340204	-0.6979381443298971
DUMMY_F50	YCHIHLGPPKDNGDWDNFCIQDELVETKMIERVYHRGENAMQSVKEEWPYGQTGQVWTLEPTCGGIQGTEVIPATYHHCQYWTNCLVPHKTLQKIQPLPALVDKDVCTKQMNRTFRALESLCYIIKRFPEITRCFCSILFKCFPVFRVFQP	False	Dummy fasta protein number 50	151	16	16	0.10596026490066225	0.10596026490066225	1.0	0.8421052631578947	0.20391101381287768	17684.283299999996	7.113081550598144	0.11920529801324505	44.95562913907285	-0.33973509933774854
