id	Sequence	query	Annotation	First seen	Closest query	Identity closest query	Kingdom	Solubility	Relative aggregation propensity	Source databases	Sequence length	Optimum pH	Melting temperature	Domain annotation	Extra domains	Closest known	Identity closest known	Closest all	Identity closest all	Swiss-Prot	Organism	Salinity	Optimum temp.	Temp. range	Biotic relationship	Disease	Transmembrane	ER template	Catalytic His	Catalytic Asp	PSPG 1	PSPG 2	Essential residues	GI	Structure	length	acidic_count	basic_count	acidic_ratio	basic_ratio	ED_RK_ratio	ED_IK_ratio	net_charge_pH7	MW	pI	aromaticity	instability_index	GRAVY	esmc600m_mean_PC1	esmc600m_mean_PC2	esmc600m_mean_PC3	esmc600m_mean_PC4	esmc600m_mean_PC5	esmc600m_mean_PC6	esmc600m_mean_PC7	esmc600m_mean_PC8	esmc600m_mean_PC9	esmc600m_mean_PC10
id	label	label	label	label	label	label	label	label	label	label	label	label	label	label	label	label	label	label	label	label	label	label	label	label	label	label	label	label	label	label	label	label	label	label	label	label	label	label	label	label	label	label	label	label	label	label	label	label	coordinate	coordinate	coordinate	coordinate	coordinate	coordinate	coordinate	coordinate	coordinate	coordinate
DUMMY_Q1	IVQCIQAYTVKWKDVKTHVARNELIAYALRSGDECCTEMWVQDCNYRNTDFVRWNTQEQHRALDCETGATNQSWDCKDVKHIEHLVNENGIPLFFVEYYKDKMANNCSSMINHFAHTDPENPRSKWENRGVKDKGVTE	True	Hypothetical hydrolase, synthetic dummy enzyme	2020-01-01	DUMMY_Q1	100.0	B	0.75	0.1	dummy_db	138	7.0	55.0	PF00000 Dummy_domain 10-120 1.0E-20		DUMMY_Q1	100.0	DUMMY_Q1	100.0		Fictibacter dummius		30 °C	Mesophilic	Free living		o	DUMMY_Q1	H	D	P	Q	HDPQ	000000001		138	21	17	0.15217391304347827	0.12318840579710146	1.2352941176470589	1.3125	-3.7538552303900197	16201.92889999999	5.864044761657714	0.10144927536231885	37.069565217391286	-0.8210144927536235	-0.009166658855974674	0.31634044647216797	0.0817759707570076	-0.04317213222384453	0.007881051860749722	-0.008526649326086044	0.01859661377966404	-0.012322764843702316	0.014470000751316547	-0.005702595692127943
DUMMY_H1	IVQCIQAYTVKWKDVKTHVARNELIAYALRSGDECCTEMWVQDCNYRNTDFVRWNTQEQHRWLDCETGTTNQSWDCKDVKHIEHLVNENGIPLFFVEYYKDKMSNNCSSMINHFAHTDPENPRSKWENRGVKDKGVTE	False	Putative hydrolase family protein, dummy homolog #1		DUMMY_Q1	97.8	E	0.21	0.16	dummy_db	138	6.5	47.5	PF00000 Dummy_domain 8-121 8.0E-14		DUMMY_Q1	97.8	DUMMY_Q1	97.8		Blankomyces testicus		51 °C	Thermophilic	Free living		o	DUMMY_Q1	H	D	P	Q	HDPQ	631087168		138	21	17	0.15217391304347827	0.12318840579710146	1.2352941176470589	1.3125	-3.7538552303900197	16363.086299999994	5.864044761657714	0.10869565217391304	44.40434782608695	-0.8775362318840583	0.00014002584794070572	0.24247629940509796	0.05598687008023262	-0.03399549797177315	-0.03569173812866211	0.005741038825362921	-0.004129381850361824	-0.012648263946175575	-0.007872832007706165	-0.018643207848072052
DUMMY_H2	IVQCIQAYTVKWKDVKTHVARNELIAYALRSGDECCTEMWVQDCNYRNTDFVRWNTQEQHRAHDCETGATNQSWDCKDVKHIEWLDNENGIPLFFVEYYKDKMANNCSSMINHFAHTHPENPRSKWFNRGVKDKGVTE	False	Putative hydrolase family protein, dummy homolog #2	2000-01-07	DUMMY_Q1	96.4	E	0.19	0.94	dummy_db	138	4.7	59.9	PF00000 Dummy_domain 8-121 7.7E-2		DUMMY_Q1	96.4	DUMMY_Q1	96.4		Blankomyces mockii		30 °C	Psychrophilic	Symbiotic		o	DUMMY_Q1	H	D	P	Q	HDPQ	834588829		138	20	17	0.14492753623188406	0.12318840579710146	1.1764705882352942	1.25	-2.6694915041086453	16331.04929999999	6.167451286315917	0.11594202898550723	36.59710144927534	-0.86304347826087	0.03833633288741112	0.21278047561645508	0.05517846345901489	-0.0168889369815588	0.0002305188390891999	0.024711383506655693	0.012125086039304733	-0.004944298882037401	0.006843435578048229	-0.02402341179549694
DUMMY_H3	IVQCIQAYTVKWKDVKTHVARNELIAYALRSHDECCTEMWMQDCNYRNTDFVRWNTQEQHRALDCETGATNQSWDCKDVKHIEHLVNENGIPLFFVELYKDKMANNCSCMINHFKHTDPENPRSKWENRGVKDDGVTE	False	Putative hydrolase family protein, dummy homolog #3		DUMMY_Q1	95.7	E	0.33	0	dummy_db	138	6	75	PF00000 Dummy_domain 8-121 2.7E-23		DUMMY_Q1	95.7	DUMMY_Q1	95.7		Pseudodatum simulans		48 °C	Mesophilic	Symbiotic		o	DUMMY_Q1	H	D	P	Q	HDPQ	659870351		138	22	17	0.15942028985507245	0.12318840579710146	1.2941176470588236	1.375	-4.674462270295599	16324.141399999988	5.788164710998536	0.09420289855072464	42.04565217391304	-0.8355072463768118	-0.053824178874492645	0.30783817172050476	0.08384730666875839	-0.030760383233428	0.002855445956811309	-0.031774163246154785	0.004338121972978115	-0.014108184725046158	0.010292774066329002	-0.015457144938409328
DUMMY_H4	IVQSIQYWTVKWKDWKTMVARNELIAYALRSGDECCTEMWVQDCNYRNTDFVRWNTQEQHRALDCETGATNQSWDCKDVKHIEHLVNENGIPLFFVEYYKDKMANICSFMINHFAHTDPENPRSKWENRGVKDKEQTE	False	Putative hydrolase family protein, dummy homolog #4	2022-07-01	DUMMY_Q1	93.5	B	0.56	0.56	dummy_db	138	5.8	83.9	PF00000 Dummy_domain 8-121 8.3E-20		DUMMY_Q1	93.5	DUMMY_Q1	93.5		Synthomonas dummius		46 °C	Psychrophilic	Symbiotic		o	DUMMY_Q1	H	D	P	Q	HDPQ	606648656		138	22	17	0.15942028985507245	0.12318840579710146	1.2941176470588236	1.2941176470588236	-4.828317966572385	16542.343299999993	5.5418813705444325	0.12318840579710144	43.860144927536226	-0.8586956521739134	0.021793918684124947	0.020560817793011665	0.012212659232318401	-0.016635388135910034	-0.0600418820977211	-0.05841001495718956	-0.03594174608588219	0.0005192319513298571	0.002163491677492857	0.0009375552763231099
DUMMY_H5	HVPCIQAYTVKWKDVKTHVARNECIAYGLRSGFECCTEMWVQDCNYRNTDFQRWNTQEQHRALDCETGATNQSWDCKDVKHIEHLVNENGIPLWFVEYYKDKMANNCSSMINHFAHTDPENPRRKWENRGVKDKGVTP	False	Putative hydrolase family protein, dummy homolog #5	2000-04-17	DUMMY_Q1	93.5	A	0.44	0.24	dummy_db	138	5.8	68.4	PF00000 Dummy_domain 8-121 9.0E-16		DUMMY_Q1	93.5	DUMMY_Q1	93.5		Pseudodatum modelus		67 °C	Thermophilic	Host associated		o	DUMMY_Q1	H	D	P	Q	HDPQ	978809353		138	19	18	0.13768115942028986	0.13043478260869565	1.0555555555555556	1.2666666666666666	-0.6857605348149889	16308.085599999993	6.704693412780761	0.10869565217391304	41.22028985507246	-0.9384057971014497	-0.05557946115732193	0.31178712844848633	0.10434363037347794	0.006932288873940706	0.028268108144402504	-0.032061412930488586	0.046556055545806885	0.04603765159845352	0.0194429662078619	-0.005151108372956514
DUMMY_H6	IVQCIQAYTVKWKDVKTHVARWELIAYALRSGDECCTEMWVQDCNYRNTDFVRWNTQEQHRALDCETGATNQSWDCKDVKHIENLVNEWGIPEFFVEYYKDKMANNWSSMQNLFAHTMPFNPRYKWENRGVKQKGVTE	False	Putative hydrolase family protein, dummy homolog #6	2006-08-10	DUMMY_Q1	92	B	0.44	0.37	dummy_db	138	5.1	60.8	PF00000 Dummy_domain 8-121 9.7E-19		DUMMY_Q1	92	DUMMY_Q1	92		Mockibacter fakei		61 °C	Mesophilic	Host associated		o	DUMMY_Q1	H	D	P	Q	HDPQ	287923845		138	19	17	0.13768115942028986	0.12318840579710146	1.1176470588235294	1.2666666666666666	-1.9215431396788674	16536.426199999998	6.110100746154784	0.13768115942028986	42.96086956521739	-0.7891304347826088	0.07056186348199844	0.03361669182777405	0.02410603128373623	-0.030332336202263832	-0.041864145547151566	-0.03677459806203842	-0.023063473403453827	0.002393292495980859	-0.03801247477531433	-0.009779089130461216
DUMMY_H7	QVQCIQAYTVKWKDVKTHVARNELIAYALRVGDECCTEMWVQDCNRLNTDFVRWCTREQHRALDCECGWTNQSWFCKDVKHIEHLVNENGIPLFFVEYYKSKPANNCSSMNNNFAHTDPENPRSKWENRGVKDAGVTE	False	Putative hydrolase family protein, dummy homolog #7	2021-08-06	DUMMY_Q1	89.9	A	0.3	0.93	dummy_db	138	4.9	38.5	PF00000 Dummy_domain 8-121 1.2E-10		DUMMY_Q1	89.9	DUMMY_Q1	89.9		Nullospora fictus		16 °C	Psychrophilic	Free living		o	DUMMY_Q1	H	D	P	Q	HDPQ	154236668		138	19	17	0.13768115942028986	0.12318840579710146	1.1176470588235294	1.4615384615384615	-1.8610849186243108	16204.015799999988	6.228610038757325	0.10869565217391305	38.224637681159415	-0.7449275362318842	-0.07040318846702576	0.16964365541934967	0.016628200188279152	-0.03052251599729061	0.03563742712140083	-0.007422018796205521	-0.022173386067152023	0.016266487538814545	-0.028936617076396942	0.037149474024772644
DUMMY_H8	IVQCIQAYTVKWKDVKWHVARNELIAPALRSGDERCTEMWVQDCNYFNTDFVRWNTQEQHRALNCETEATNQEWDCKDVKHIIHLVNENGIPLFFVEYLKRGMANNCSSMGNHMAHFDPENPRCKWENRGVKDKGVHE	False	Putative hydrolase family protein, dummy homolog #8		DUMMY_Q1	88.4	B	0.38	0.19	dummy_db	138	9.1	80.1	PF00000 Dummy_domain 8-121 8.3E-11		DUMMY_Q1	88.4	DUMMY_Q1	88.4		Fictibacter simulans		13 °C	Thermophilic	Host associated		o	DUMMY_Q1	H	D	P	Q	HDPQ	692167668		138	20	17	0.14492753623188406	0.12318840579710146	1.1764705882352942	1.3333333333333333	-2.6631250989449065	16308.214499999996	6.1722826004028315	0.10144927536231885	31.049999999999986	-0.7623188405797106	-0.05966424569487572	0.24996604025363922	0.0444277860224247	0.018436241894960403	0.048842307180166245	-0.05258042365312576	0.02154702879488468	-0.030304059386253357	0.023392722010612488	0.0026054808404296637
DUMMY_H9	ISQCIQAYPVIAKDVKTHVARNELIAYHLMSGDECCTEMWVQDNNERNTDFVRWNTQEQHIALDAETGADNQSWDCKDCKHIEHLVNENGIPLFFVEYHKDKMRNICSSMINHFAHTDPEMWRSKWEQRGVKDKGVTE	False	Putative hydrolase family protein, dummy homolog #9	2002-09-26	DUMMY_Q1	87	B	0.83	0.85	dummy_db	138	8.2	58.6	PF00000 Dummy_domain 8-121 5.7E-24		DUMMY_Q1	87	DUMMY_Q1	87		Blankomyces vacuus		76 °C	Psychrophilic	Host associated		o	DUMMY_Q1	H	D	P	Q	HDPQ	561912114		138	23	15	0.16666666666666666	0.10869565217391304	1.5333333333333334	1.2777777777777777	-7.562667637971771	16194.957899999989	5.4272371292114245	0.08695652173913043	51.781884057971006	-0.7623188405797104	0.19556421041488647	-0.13339771330356598	-0.029304400086402893	-0.12639713287353516	-0.033975597470998764	-0.013910911977291107	0.03805635869503021	-0.04208428040146828	-0.04713217541575432	-0.042466361075639725
DUMMY_H10	IVQCIQAYTVAAAGVKTHWARNEEQAYALKSGDECCTDMWVSDCNYRNTDFVRWTTQEQHRAIDCETGAYNQSWDCKDVKHPEHLVNENGIPLFFVHYYKEKMANNCYDMINHQAHTDPENPRSKWENRGVKDKGVTE	False	Putative hydrolase family protein, dummy homolog #10	2001-04-26	DUMMY_Q1	86.2	A	0.91	0.9	dummy_db	138	8.1	75.1	PF00000 Dummy_domain 8-121 4.9E-28		DUMMY_Q1	86.2	DUMMY_Q1	86.2		Fictibacter simulans		56 °C	Mesophilic	Symbiotic		o	DUMMY_Q1	H	D	P	Q	HDPQ	496517979		138	21	15	0.15217391304347827	0.10869565217391304	1.4	1.5	-5.6676700432344305	16089.628499999993	5.608553504943848	0.10869565217391304	31.02681159420289	-0.910144927536232	0.30401402711868286	0.004415600560605526	0.06778405606746674	0.07859496772289276	0.051359083503484726	0.00717108603566885	0.09838162362575531	-0.096110999584198	0.030449720099568367	-0.027610383927822113
DUMMY_H11	IVQCIQAYTVKWKDVITHVARCELIAYALRSGDECCKEMWVQDCNYRNTDFVNWNTQEQIRATKCEDGAINQWWDCKDVKHIQHLVNPNGIPLIPIAYYVDKMANNCSSYINHFAHTVTENPRSKWDNRGVKDKGVTE	False	Putative hydrolase family protein, dummy homolog #11	2022-01-03	DUMMY_Q1	84.8	B	0.91	0.61	dummy_db	138	7.9	59	PF00000 Dummy_domain 8-121 8.6E-9		DUMMY_Q1	84.8	DUMMY_Q1	84.8		Nullospora mockii		10 °C	Psychrophilic	Host associated		o	DUMMY_Q1	H	D	P	Q	HDPQ	968338800		138	17	16	0.12318840579710146	0.11594202898550725	1.0625	0.8095238095238095	-0.8631612577354559	16079.032799999988	6.561459159851075	0.10144927536231883	23.016666666666655	-0.5630434782608698	-0.13685289025306702	0.2670649290084839	0.01373482495546341	-0.07183648645877838	-0.025497496128082275	0.06665156036615372	0.016952749341726303	0.06001050025224686	0.003057728987187147	-0.04670070856809616
DUMMY_H12	IVQDIQAYTVKWKDVKTHVARNELPAYNLRSGDENCTEMWVQPCFYRNRDFYRWNTQEVHTALDWETGKTNQSWDCKDRKPKFTLVNENGIPLFFVEYYKLKMVNNCSSMCNHFAHTDPENPRSQERNRGIKDKGVTE	False	Putative hydrolase family protein, dummy homolog #12	2013-01-01	DUMMY_Q1	82.6	B	0.42	0.83	dummy_db	138	5.7	48.5	PF00000 Dummy_domain 8-121 1.0E-20		DUMMY_Q1	82.6	DUMMY_Q1	82.6		Testivibrio modelus		55 °C	Psychrophilic	Host associated		o	DUMMY_Q1	H	D	P	Q	HDPQ	695710401		138	19	20	0.13768115942028986	0.14492753623188406	0.95	1.2666666666666666	1.0856491485877733	16456.25739999999	7.7977895736694345	0.12318840579710144	32.768985507246356	-0.9949275362318846	0.143476665019989	-0.033799298107624054	-0.024152887985110283	0.004617328755557537	-0.0767761766910553	0.03105829283595085	-0.027329443022608757	-0.009898598305881023	0.03716575354337692	0.014683649875223637
DUMMY_H13	IVQCIQHYGVKWKDVKTHIARNELIAYILRSGSECCTEHWVQDCHYRNKDFVRANTQEQGRCLDEETGATNQSFPCTDVKHHIHLVNYNGIPLFNVEYYKDKMANNCSYMINHFAHRDHEAPRSMWENRGVKDKGVTE	False	Putative hydrolase family protein, dummy homolog #13	2019-06-02	DUMMY_Q1	82.6	A	0.42	0.01	dummy_db	138	8.5	44.5	PF00000 Dummy_domain 8-121 4.8E-20		DUMMY_Q1	82.6	DUMMY_Q1	82.6		Prototypus modelus		40 °C	Mesophilic	Host associated		o	DUMMY_Q1	H	D	P	Q	HDPQ	624556668		138	18	17	0.13043478260869565	0.12318840579710146	1.0588235294117647	1.0588235294117647	-0.4112194621235723	16227.035799999989	6.8517358779907225	0.10144927536231885	54.49637681159421	-0.796376811594203	-0.15137909352779388	0.20736922323703766	-0.022806640714406967	-0.05158316344022751	-0.013565907254815102	-0.022199722006917	-0.007118023931980133	-0.03508557751774788	-0.02982478216290474	-0.025237252935767174
DUMMY_H14	IVQCQQAYEVKWKDVKTHVAVNELVAYVLASWDECCQEMWVPDCNYRNTDFVRSNTQEQHRPLYCETGARNQSWDKKDVKHIEHLVNEGGICLFFVPNYNDKRANNCSAMINHFALTDPEYPRSKWKNREVWDKHVTE	False	Putative hydrolase family protein, dummy homolog #14	2018-07-03	DUMMY_Q1	80.4	E	0.56	0.24	dummy_db	138	5.9	51.2	PF00000 Dummy_domain 8-121 2.6E-17		DUMMY_Q1	80.4	DUMMY_Q1	80.4		Prototypus referens		46 °C	Mesophilic	Free living		o	DUMMY_Q1	H	D	P	Q	HDPQ	989420555		138	20	17	0.14492753623188406	0.12318840579710146	1.1764705882352942	1.4285714285714286	-2.7559749923288663	16394.209299999995	6.0774751663207995	0.11594202898550725	33.748550724637674	-0.7992753623188409	-0.00731063075363636	0.14556916058063507	-0.007074693217873573	-0.04828909412026405	0.020445441827178	-0.06214835122227669	-0.03386613354086876	-0.05295493081212044	-0.01817304454743862	0.03308558464050293
DUMMY_H15	IVQCIQAYTDKWKDAKPHVARNELIANALRTGVRLCTEMWVQDCNYRNTNLVRWITQEQHRAVFMETGATNQSWDCKDVKHIEHAVNEKGIPDFFMEYYKDKMANNCSSVINHFAHADREGPREKQENYRVRDKGVTE	False	Putative hydrolase family protein, dummy homolog #15	2008-10-25	DUMMY_Q1	80.4	E	0.3	0.84	dummy_db	138	8.5	77.9	PF00000 Dummy_domain 8-121 6.3E-20		DUMMY_Q1	80.4	DUMMY_Q1	80.4		Exemplaris standardus		16 °C	Thermophilic	Free living		o	DUMMY_Q1	H	D	P	Q	HDPQ	913554156		138	20	20	0.14492753623188406	0.14492753623188406	1.0	1.1764705882352942	0.2647959891681495	16246.100699999994	7.1583253860473635	0.09420289855072464	24.042753623188393	-0.8485507246376812	0.1907777190208435	-0.08641518652439117	-0.037559594959020615	-0.03325716406106949	0.04734569042921066	-0.09629938006401062	-0.05260702595114708	-0.10030287504196167	-0.026988277211785316	0.054983340203762054
DUMMY_H16	IMQCIQAYTVKWGDVKAHVARNHLIAYALRSGREFCTEMKGQDCNYRDTDTSRTNTFEQNAAHLNVTGATNQSWDCKFVKVDEHLYNENGIPTFHVEYYKDKMANNCSSMRNHFTPTDPHNPDSKWENRGEKDKGVTD	False	Putative hydrolase family protein, dummy homolog #16	2003-11-22	DUMMY_Q1	76.8	B	0.81	0.65	dummy_db	138	5.9	80	PF00000 Dummy_domain 8-121 3.2E-13		DUMMY_Q1	76.8	DUMMY_Q1	76.8		Fictibacter genericus		10 °C	Mesophilic	Free living		o	DUMMY_Q1	H	D	P	Q	HDPQ	487616423		138	19	17	0.13768115942028986	0.12318840579710146	1.1176470588235294	1.3571428571428572	-1.6572450660763849	15951.443299999986	6.397251319885254	0.10144927536231885	16.018840579710137	-1.0014492753623192	0.2653931677341461	-0.008399015292525291	0.07203342765569687	0.06888146698474884	-0.04604971408843994	0.07807818055152893	-0.017946260049939156	-0.029868995770812035	-0.004853514023125172	0.032084427773952484
DUMMY_H17	IVQYIQAYSVKWKDVTTHVSRTELIAYALRSHDECCTSCWVQHCNYRNTDFVLWNTQEQHRALDCWTGNTCQSWDCNDVKHIEILFNENGIPLQFMKYFKDKGASNCSSMIGDPYHNDDEWPRSKWENDGVKDKPETE	False	Putative hydrolase family protein, dummy homolog #17	2007-06-20	DUMMY_Q1	76.8	A	0.73	0.76	dummy_db	138	9	60.7	PF00000 Dummy_domain 8-121 7.8E-21		DUMMY_Q1	76.8	DUMMY_Q1	76.8		Pseudodatum standardus		64 °C	Psychrophilic	Symbiotic		o	DUMMY_Q1	H	D	P	Q	HDPQ	817400748		138	21	14	0.15217391304347827	0.10144927536231885	1.5	1.3125	-6.767115622755757	16301.908799999992	5.288038444519042	0.12318840579710146	42.7536231884058	-0.82536231884058	-0.037763796746730804	0.16524218022823334	0.03115077316761017	0.010815056972205639	-0.04917978495359421	0.037925250828266144	-0.03745810687541962	0.029231274500489235	0.006327855866402388	-0.041112154722213745
DUMMY_H18	HEQCICAYTVKWKDVKTHVARNERISYAAMSGDEGDTEMWVQDCNYRNTDWVRWITQEQHIALESETAATGQRWDWKDVKLIEHLMNENGIPTFFVEYYKGKAANLCSSHTNHFAHTSVENPRSLWEERGDKDKGVTE	False	Putative hydrolase family protein, dummy homolog #18	2019-01-11	DUMMY_Q1	77.5	A	0.14	0.2	dummy_db	138	7.4	72.8	PF00000 Dummy_domain 8-121 4.3E-18		DUMMY_Q1	77.5	DUMMY_Q1	77.5		Nullospora fictus		49 °C	Psychrophilic	Host associated		o	DUMMY_Q1	H	D	P	Q	HDPQ	907421391		138	23	16	0.16666666666666666	0.11594202898550725	1.4375	1.5333333333333334	-6.628668445859617	16151.671799999991	5.477141761779785	0.10869565217391304	34.102898550724625	-0.878260869565218	0.05798635259270668	0.01818692870438099	-0.05683992803096771	-0.058312565088272095	0.023181673139333725	-0.02815844677388668	0.08809657394886017	0.003543693805113435	-0.04230593144893646	0.05730606988072395
DUMMY_H19	SVQCIGAYTEKWLHIYTHWARNELQAYAVRSGDECCTEMWVQDCNYANTDAVRWNTQEQIRLLDCETGATNQASDCKDEKCNEDLVAGNGIPMFFVEHYKDKLEMNCSSMHSHFPIPDFQIPWSKWENRGVKDKGVLE	False	Putative hydrolase family protein, dummy homolog #19	2008-06-01	DUMMY_Q1	73.2	E	0.77	0.15	dummy_db	138	8.6	82.3	PF00000 Dummy_domain 8-121 9.4E-20		DUMMY_Q1	73.2	DUMMY_Q1	73.2		Testivibrio vacuus		51 °C	Thermophilic	Host associated		o	DUMMY_Q1	H	D	P	Q	HDPQ	559808509		138	22	13	0.15942028985507245	0.09420289855072464	1.6923076923076923	1.5714285714285714	-9.146057099944105	16014.72249999999	4.94433307647705	0.10869565217391304	34.43695652173912	-0.6673913043478262	-0.07821130007505417	-0.09164686501026154	0.02040732651948929	0.06748984754085541	-0.017799798399209976	0.049805235117673874	-0.08728054910898209	0.04127250611782074	-0.012890693731606007	0.05398133397102356
DUMMY_H20	IVECIIAYGVKYKDVKTHVARNEVSAYVLRVGWNGCTEMLFQDCNYRKTCFVEWNTYHQIRALDQEYGATNQQWDCDDVKFISYRVNENGISLFFVELYKDKMANNSSSMINMFAQTDPENKRSKCENREVADKGVTE	False	Putative hydrolase family protein, dummy homolog #20	2016-08-21	DUMMY_Q1	73.9	B	0.4	0.93	dummy_db	138	6.2	83.5	PF00000 Dummy_domain 8-121 9.0E-17		DUMMY_Q1	73.9	DUMMY_Q1	73.9		Blankomyces mockii		17 °C	Mesophilic	Free living		o	DUMMY_Q1	H	D	P	Q	HDPQ	966821435		138	20	17	0.14492753623188406	0.12318840579710146	1.1764705882352942	1.1764705882352942	-3.096768757246206	16123.972099999994	5.461056327819825	0.12318840579710144	28.921739130434776	-0.5695652173913044	-0.041345030069351196	-0.12130197882652283	-0.0684799775481224	-0.11003882437944412	-0.09407361596822739	0.06355368345975876	-0.09163351356983185	-0.0043021682649850845	-0.003800847101956606	0.03509857505559921
DUMMY_H21	IVQFIQCATVKTDDVKTEVESNELIAYAVRSGREYCTEMWVQHCVEHNTDFVRWNVQSQARALDCETGFTNWSWDCYAVKPIEHFVNENDFPIVFEEYWRDKMANNCSNMNNHFKHDNPENPRCKHENRGVKDKRVDE	False	Putative hydrolase family protein, dummy homolog #21	2022-09-10	DUMMY_Q1	71	A	0.82	0.72	dummy_db	138	8.4	37.1	PF00000 Dummy_domain 8-121 8.7E-27		DUMMY_Q1	71	DUMMY_Q1	71		Testivibrio mockii		22 °C	Psychrophilic	Host associated		o	DUMMY_Q1	H	D	P	Q	HDPQ	700374481		138	24	16	0.17391304347826086	0.11594202898550725	1.5	1.8461538461538463	-7.742436841373387	16422.0257	5.223185157775878	0.11594202898550725	30.680434782608696	-0.8608695652173914	0.13105575740337372	-0.11840161681175232	0.04293660447001457	-0.06216167286038399	-0.05540899559855461	0.04406501725316048	-0.05158822610974312	0.055084627121686935	0.024068763479590416	-0.0059808846563100815
DUMMY_H22	IDQCILAITVRWKDVKTHHARNEDKAYALSIGDECCTEMWVQPCNYRNKDFVRRQKKEQMRGLDCETPWTNYSWDCKDVKHIEFLRNENIIPLFWQGCYKDKEANNASSRINHFADTDMEYPRSKWDNRFVDDKGEDE	False	Putative hydrolase family protein, dummy homolog #22	2019-10-17	DUMMY_Q1	72.5	E	0.75	0.9	dummy_db	138	9	55.1	PF00000 Dummy_domain 8-121 4.7E-17		DUMMY_Q1	72.5	DUMMY_Q1	72.5		Pseudodatum dummius		7 °C	Thermophilic	Free living		o	DUMMY_Q1	H	D	P	Q	HDPQ	068278079		138	26	22	0.18840579710144928	0.15942028985507245	1.1818181818181819	1.3	-3.924627803897973	16601.372799999986	5.6149194717407225	0.11594202898550723	42.72391304347827	-1.0594202898550729	0.15007388591766357	-0.05537979677319527	0.017854131758213043	-0.03657985478639603	-0.03287636116147041	-0.05310506746172905	-0.043240636587142944	0.047263164073228836	0.0034585674293339252	-0.015247778035700321
DUMMY_H23	ICACISAYTVKWKMVKTHVVRNESIPYFVRSGDECCRNLWVHDCMDRLTLFVRWWTIEQGRILDQLTGATCQSWDSADDKHIAWCINENGIWQFFVEYSKDKMQNDCSCMINHFAHTDPSQPRSKEENRRVKQPGVRH	False	Putative hydrolase family protein, dummy homolog #23		DUMMY_Q1	67.4	E	0.11	0.03	dummy_db	138	9.2	50.6	PF00000 Dummy_domain 8-121 4.0E-28		DUMMY_Q1	67.4	DUMMY_Q1	67.4		Sampleorganismus genericus		39 °C	Thermophilic	Free living		o	DUMMY_Q1	H	D	P	Q	HDPQ	512335214		138	17	18	0.12318840579710146	0.13043478260869565	0.9444444444444444	1.0	1.2138296660476335	16327.43319999999	7.710800361633301	0.10869565217391305	59.88985507246376	-0.5666666666666664	-0.3063482344150543	-0.18754544854164124	0.0302231814712286	0.004954243078827858	-0.02586284466087818	0.014859606511890888	-0.028861742466688156	0.03522130101919174	0.03394877165555954	-0.02663174457848072
DUMMY_H24	CVECLAAYTVKWSDVYTHVARNEPICKAFRSADECCFEMWVQDYCPRHTDFKRWNTQEQHHALSCETLAFKVVYQHKDGKVIEMGVSANGIILFFVAYYKDKMENNCSSKVNHRARTDPFNPRSKWINRAHKDKGVWN	False	Putative hydrolase family protein, dummy homolog #24	2008-01-08	DUMMY_Q1	66.7	A	0.74	0.01	dummy_db	138	7.7	45	PF00000 Dummy_domain 8-121 2.7E-22		DUMMY_Q1	66.7	DUMMY_Q1	66.7		Filleria referens		60 °C	Thermophilic	Host associated		o	DUMMY_Q1	H	D	P	Q	HDPQ	133823108		138	16	20	0.11594202898550725	0.14492753623188406	0.8	0.9411764705882353	4.304500777301747	16240.309299999995	8.621759986877443	0.13043478260869565	41.17318840579709	-0.6057971014492757	-0.18645046651363373	0.004585065878927708	-0.11254782974720001	-0.018910467624664307	-0.014852060936391354	0.03758415952324867	-0.043783772736787796	-0.0011426208075135946	-0.039177749305963516	0.02074631303548813
DUMMY_H25	IRQWIQYYMPKWKDVFTHPGRNELIQYTLRSGIPCCTIMSVQFCIYREGFFVRMETQEQHEKLDCEHLLTRQSPDCKDVKQIEHLHNEVGIALAFVEYYKDKMANMVSSQVNHFACNERENPLSKWYNQGVKDKGVVC	False	Putative hydrolase family protein, dummy homolog #25	1999-02-05	DUMMY_Q1	66.7	B	0.92	0.11	dummy_db	138	4.5	47	PF00000 Dummy_domain 8-121 1.1E-9		DUMMY_Q1	66.7	DUMMY_Q1	66.7		Nullospora syntheticus		33 °C	Mesophilic	Free living		o	DUMMY_Q1	H	D	P	Q	HDPQ	602728414		138	17	17	0.12318840579710146	0.12318840579710146	1.0	0.9444444444444444	0.23442644408510915	16409.669099999992	7.135817146301269	0.11594202898550725	43.494202898550725	-0.5478260869565218	0.07258960604667664	-0.16403397917747498	-0.08976500481367111	-0.10294963419437408	-0.032082464545965195	-0.04640019312500954	0.0033545023761689663	-0.07939295470714569	-0.024645285680890083	-0.06826597452163696
DUMMY_H26	QVHLIKAYSVKWKEVKDHVARNELIAYALAEPDECCTEDVTQDCNYRNTDFVRWNTLELLRCPGCETGPDNQAWDCYDRDMIWHLVNEWGIGLGFVEMEDEKMLNQCSNMDPYMAHTDPMTPRSKWEFRGRPDACSTF	False	Putative hydrolase family protein, dummy homolog #26	2000-07-15	DUMMY_Q1	63.8	B	0.33	0.88	dummy_db	138	8.5	53.6	PF00000 Dummy_domain 8-121 5.2E-17		DUMMY_Q1	63.8	DUMMY_Q1	63.8		Dummyella dummius		19 °C	Thermophilic	Free living		o	DUMMY_Q1	H	D	P	Q	HDPQ	010138117		138	25	14	0.18115942028985507	0.10144927536231885	1.7857142857142858	2.5	-10.933183127876948	16202.048099999998	4.6622411727905275	0.10869565217391304	36.606521739130415	-0.6753623188405797	0.21213039755821228	-0.036747246980667114	-0.02692040614783764	0.08051931113004684	0.089510977268219	-0.019876675680279732	-0.002550489269196987	0.020014232024550438	0.008722430095076561	0.009672905318439007
DUMMY_H27	IPYCIQPHTLKWKDVSTVVIRNQLIAYALRFGCACCTNAWVQCINWRCNDFVRWHTQEQHDALSCETGATNQVVCGWIVCHIQHLVNEWGIKFWFAEYVLDSVANNCSKMINHFAHTDAINCTVKWCERDSVDKGVDE	False	Putative hydrolase family protein, dummy homolog #27	1999-10-26	DUMMY_Q1	63	E	0.29	0.37	dummy_db	138	7.7	84	PF00000 Dummy_domain 8-121 7.0E-14		DUMMY_Q1	63	DUMMY_Q1	63		Sampleorganismus genericus		22 °C	Thermophilic	Host associated		o	DUMMY_Q1	H	D	P	Q	HDPQ	480014037		138	14	11	0.10144927536231885	0.07971014492753623	1.2727272727272727	0.875	-2.726465818582211	15978.084099999991	6.145852470397949	0.11594202898550723	26.24782608695653	-0.08840579710144927	-0.3114541471004486	-0.40582048892974854	0.39019423723220825	-0.19635920226573944	0.1632637232542038	0.057721998542547226	-0.0010534933535382152	-0.006800911854952574	-0.006006805691868067	0.008283386006951332
DUMMY_H28	IVQCIRAYDTKWRQTWTWVARNELIAYWLSSYDPCSTISWSQPCNYRNTDPSICWVMAQHRAVDCITCAAMQGYHRCHVKHLEHMVADNGSPQQFVEYHKDHMANGCSSRIRHFAHTDPFIPISKWENHNVKDQGRTE	False	Putative hydrolase family protein, dummy homolog #28	2019-08-10	DUMMY_Q1	60.1	A	0.74	0.94	dummy_db	138	8.5	40.3	PF00000 Dummy_domain 8-121 3.8E-12		DUMMY_Q1	60.1	DUMMY_Q1	60.1		Filleria standardus		39 °C	Thermophilic	Free living		o	DUMMY_Q1	H	D	P	Q	HDPQ	511553626		138	13	14	0.09420289855072464	0.10144927536231885	0.9285714285714286	0.9285714285714286	1.569812243006373	16252.137999999994	7.772015953063964	0.11594202898550725	27.951449275362318	-0.6478260869565219	-0.11362466961145401	-0.15083864331245422	-0.02346222475171089	0.07273878902196884	0.08981943875551224	-0.0245184488594532	0.0020016618072986603	-0.0003251275629736483	-0.010417585261166096	-0.07033954560756683
DUMMY_H29	WMDCIQAYTCKWKNWDRHVARNHLIAYALISGDECCTEMCVQKRHNRNVDCWRWNTYENTRMVDCRTMATNVSCDCKDEITNELLLWEGGIPLFDVEAYYDGMANNCPSMHYNFAHTGIEEPMTKDEWEWVKKYGETW	False	Putative hydrolase family protein, dummy homolog #29	2013-10-14	DUMMY_Q1	59.4	A	0.5	0.25	dummy_db	138	5.4	69.7	PF00000 Dummy_domain 8-121 2.6E-20		DUMMY_Q1	59.4	DUMMY_Q1	59.4		Testivibrio testicus		16 °C	Psychrophilic	Symbiotic		o	DUMMY_Q1	H	D	P	Q	HDPQ	049897368		138	22	14	0.15942028985507245	0.10144927536231885	1.5714285714285714	1.6923076923076923	-7.872160205736909	16494.452599999993	5.026067543029785	0.13043478260869565	46.73043478260871	-0.6782608695652178	0.2496381551027298	-0.0917828306555748	0.05841498821973801	0.01978532038629055	-0.006043127737939358	-0.03901876136660576	0.018362201750278473	0.08291870355606079	-0.045291025191545486	-0.07014472037553787
DUMMY_H30	IWQVIRMCTVRPKDEKFHVARNHLIHYALRFPIECCHRSRFQDCTMRNYDFVRPNTEVQDRALDCGLGANNYSWSNLWQKHFEHIVIETPIPLFFVCYFHDKMACLRSSMIKHFGMCDPENYLSKWENHGVADMSITE	False	Putative hydrolase family protein, dummy homolog #30	2018-07-17	DUMMY_Q1	58.7	E	0.53	0.88	dummy_db	138	6.5	66	PF00000 Dummy_domain 8-121 8.6E-6		DUMMY_Q1	58.7	DUMMY_Q1	58.7		Sampleorganismus vacuus		17 °C	Psychrophilic	Symbiotic		o	DUMMY_Q1	H	D	P	Q	HDPQ	260373191		138	16	16	0.11594202898550725	0.11594202898550725	1.0	1.0666666666666667	0.4910594407714157	16528.849199999997	7.229601478576661	0.13043478260869565	67.27463768115942	-0.3891304347826088	-0.09130050241947174	-0.047196805477142334	-0.10518212616443634	0.031732227653265	0.059667475521564484	-0.038625478744506836	-0.10738033801317215	-0.05345495417714119	0.05312841385602951	-0.05512512847781181
DUMMY_H31	IEMCHHAYLMLQTMVTTHVYCQESNRNYHGYGDPVCTEMWVQDMKYRHVDFVRWNTQKQHRTLDCETGLTNQSWDHKSVCHAKHLFQENGWPTFKTDFGKKKMAWNCSEYNDKKAHTDAEHPCSKRENRGMKDLGVTE	False	Putative hydrolase family protein, dummy homolog #31	2011-09-27	DUMMY_Q1	57.2	B	0.22	0.37	dummy_db	138	6	84.4	PF00000 Dummy_domain 8-121 1.3E-6		DUMMY_Q1	57.2	DUMMY_Q1	57.2		Nullospora fakei		54 °C	Thermophilic	Free living		o	DUMMY_Q1	H	D	P	Q	HDPQ	426352605		138	18	18	0.13043478260869565	0.13043478260869565	1.0	1.3846153846153846	0.6722870228996527	16428.302099999994	7.282518577575684	0.10869565217391304	38.43405797101447	-1.0500000000000007	-0.12611399590969086	0.22533027827739716	0.024717016145586967	0.08885461091995239	0.025033365935087204	-0.08104611188173294	-0.036703530699014664	-0.0008958658436313272	-0.01030809711664915	0.04280124977231026
DUMMY_H32	IVQCIIAYIVKWKDVPCDVARNELRTYEFLSTDECCPECWVQDDSCRSTHTSRWNYVEQDRAVIWEGGATSQHWKCKCVKAPIWLLHNNTIPSFLWMYFKTKYGNNEFCMINIFLHTRTEHHISKWEKRGVMDKGVTE	False	Putative hydrolase family protein, dummy homolog #32	2008-11-19	DUMMY_Q1	57.2	E	0.21	0.93	dummy_db	138	8.4	58.2	PF00000 Dummy_domain 8-121 3.7E-9		DUMMY_Q1	57.2	DUMMY_Q1	57.2		Dummyella nominalis		31 °C	Mesophilic	Symbiotic		o	DUMMY_Q1	H	D	P	Q	HDPQ	232397285		138	17	17	0.12318840579710146	0.12318840579710146	1.0	0.85	0.2201700446192163	16438.667599999993	7.123255729675294	0.13043478260869565	56.978260869565204	-0.44492753623188386	-0.4351036548614502	-0.1061135083436966	0.03683106601238251	0.05504199489951134	-0.15049244463443756	-0.014666353352367878	0.08602151274681091	-0.008646680973470211	-0.07247523218393326	0.05028369650244713
DUMMY_H33	CVGGITAYTVKDKKVKTDVARNTIIAYALNNDQDCCLESTVQNVNDRNERVVRWETAAQDHAYLCWTGGKNQTNDCTDVKQIEFLYNENAYREFFVKYYSYKMANECATMLNLLNGTPPENGRSMWEFRGQKFKAFAG	False	Putative hydrolase family protein, dummy homolog #33	2014-02-26	DUMMY_Q1	53.6	E	0.56	0.13	dummy_db	138	5.3	58	PF00000 Dummy_domain 8-121 2.0E-17		DUMMY_Q1	53.6	DUMMY_Q1	53.6		Blankomyces standardus		61 °C	Mesophilic	Host associated		o	DUMMY_Q1	H	D	P	Q	HDPQ	004126629		138	17	17	0.12318840579710146	0.12318840579710146	1.0	1.2142857142857142	-0.1959219101545422	15851.611799999982	6.764544868469239	0.12318840579710144	31.80579710144928	-0.6311594202898554	0.2630409300327301	-0.03441780433058739	0.007402126211673021	-0.03755448758602142	-0.05489247664809227	0.10223798453807831	-0.06295372545719147	-0.05913522467017174	0.03469853848218918	0.020563824102282524
DUMMY_H34	MSQSRVYYAVKWKDVPTSVARNDLIATHLRSGFMVCTCPWVDDCNYNNTPTPRWSRQEPERAGDKETGKYPLCWRCKDHKHIYCLVNVNQIINFQVEYVKERGAPNCDSMMFGALPGDHERDRAKNNRRGVRMKGTAE	False	Putative hydrolase family protein, dummy homolog #34		DUMMY_Q1	52.2	A	0.86	0.34	dummy_db	138	9.3	38.1	PF00000 Dummy_domain 8-121 4.9E-25		DUMMY_Q1	52.2	DUMMY_Q1	52.2		Pseudodatum referens		24 °C	Thermophilic	Free living		o	DUMMY_Q1	H	D	P	Q	HDPQ	872294741		138	16	22	0.11594202898550725	0.15942028985507245	0.7272727272727273	1.2307692307692308	5.799626858220158	16028.05089999999	9.019658851623536	0.09420289855072464	49.235507246376805	-0.8369565217391306	0.19378259778022766	-0.15785248577594757	-0.0916452631354332	-0.030863836407661438	0.030773429200053215	-0.024323806166648865	0.09612588584423065	0.04227552190423012	0.03415262699127197	0.09229914098978043
DUMMY_H35	IVYVRYACSVKYRDKATHVARNESPMYLEASGDVCRTHLHVQDCIGRNTGFDMWMTLEQHVAIDHETGITGQSWHQKDPIHIQHFVNENGHFERFVVYYKDIMANSCSSLTTHFLKWSPDNPRDKWAVRSVKRTPFEW	False	Putative hydrolase family protein, dummy homolog #35	2008-08-04	DUMMY_Q1	53.6	B	0.23	0.03	dummy_db	138	6.8	57.3	PF00000 Dummy_domain 8-121 2.6E-8		DUMMY_Q1	53.6	DUMMY_Q1	53.6		Sampleorganismus placeholdi		46 °C	Mesophilic	Symbiotic		o	DUMMY_Q1	H	D	P	Q	HDPQ	037328582		138	16	16	0.11594202898550725	0.11594202898550725	1.0	1.1428571428571428	0.608922606523187	16254.142099999995	7.289452934265137	0.12318840579710144	36.56666666666666	-0.5985507246376813	-0.12857210636138916	0.01728319190442562	-0.18806177377700806	-0.07835884392261505	0.041977401822805405	0.15626542270183563	0.1055707335472107	-0.06477035582065582	0.08346104621887207	-0.029057305306196213
DUMMY_H36	IFQNIQCHTMGHPDSCTMVARNELIYYHLRFYCPCITVMWSQEYYDRNDRIVRWNYQEQDDEKDCSTGATNASWECATVCDIIQLHEQRGIDLQFAEYYKCKVYNYDGCVINGFATTDPEEPRSELEPVKRKDKKVYR	False	Putative hydrolase family protein, dummy homolog #36	1998-11-10	DUMMY_Q1	50.7	E	0.26	0.37	dummy_db	138	5.5	47.6	PF00000 Dummy_domain 8-121 1.6E-9		DUMMY_Q1	50.7	DUMMY_Q1	50.7		Synthomonas syntheticus		76 °C	Psychrophilic	Symbiotic		o	DUMMY_Q1	H	D	P	Q	HDPQ	157441563		138	22	16	0.15942028985507245	0.11594202898550725	1.375	1.375	-5.955139108721859	16462.293299999998	5.1727121353149395	0.13043478260869565	55.90369565217391	-0.7492753623188407	0.1589941531419754	-0.05586688220500946	-0.039511773735284805	-0.008855301886796951	-0.07820719480514526	0.06637858599424362	-0.00545903155580163	0.06643297523260117	0.012940296903252602	-0.0532018281519413
DUMMY_H37	FVQRISHYTHLWCRWVTWEMRNMLIAWALRSGMHYCRWHDVCSCNVRNPIPVRSNTLPQHRAPELCTPQTHQGWDPKHVKHIDHHYNEQGHWLFFVEYYKRKMADNYKFQIFSFSPTRPGTPRTDWSNYYYKDKKVTE	False	Putative hydrolase family protein, dummy homolog #37	2008-04-05	DUMMY_Q1	51.4	E	0.75	0.72	dummy_db	138	8.3	77.7	PF00000 Dummy_domain 8-121 1.0E-17		DUMMY_Q1	51.4	DUMMY_Q1	51.4		Sampleorganismus standardus		36 °C	Psychrophilic	Symbiotic		o	DUMMY_Q1	H	D	P	Q	HDPQ	219897389		138	11	19	0.07971014492753623	0.13768115942028986	0.5789473684210527	0.8461538461538461	8.678433873884291	16999.147199999996	9.400022315979005	0.16666666666666666	68.88043478260873	-0.8963768115942031	-0.15791042149066925	-0.1886550635099411	0.015503321774303913	0.12663534283638	-0.04799802228808403	0.03477182239294052	0.10297034680843353	-0.03325405344367027	-0.009636028669774532	-0.03339812904596329
DUMMY_H38	KHWCIPSRTVHWKCIKTHVAPNMLISYKLRQGDEPCPYMWVQDCSVRNQRTLQWNRQWQRRWLDCEIVRKTASWTIKKVKWIHSPKAERGIPLYPVTYYKKYMAANCDSKGKHQAHTKFHRWQMAWENRLRTDSFITV	False	Putative hydrolase family protein, dummy homolog #38	2009-02-19	DUMMY_Q1	49.3	E	0.69	0.53	dummy_db	138	8.7	36	PF00000 Dummy_domain 8-121 1.3E-6		DUMMY_Q1	49.3	DUMMY_Q1	49.3		Prototypus exemplaris		11 °C	Thermophilic	Host associated		o	DUMMY_Q1	H	D	P	Q	HDPQ	371065879		138	9	26	0.06521739130434782	0.18840579710144928	0.34615384615384615	0.4090909090909091	17.307660625189385	16858.433999999994	10.033359718322753	0.13043478260869565	51.019565217391296	-0.8398550724637687	-0.3145648241043091	-0.2374258041381836	0.09152430295944214	0.12634319067001343	-0.15058282017707825	-0.11176911741495132	0.042129989713430405	-0.05801122635602951	0.04391741007566452	0.0041047572158277035
DUMMY_H39	IQQGIAAYTHKCSDARTKMGRNYLIPYAPDSGDSCCWQQHWEHCSMRNADNTMNKTQEQCHSLDCNTGALNMSWANKDVNQKKDLGVLNYIPDFVDPYSKDWCANNCTRPWKEFDDTVPGNDRSDCENRGVKDKGAKQ	False	Putative hydrolase family protein, dummy homolog #39	2004-11-11	DUMMY_Q1	48.6	B	0.2	0.46	dummy_db	138	7.5	63	PF00000 Dummy_domain 8-121 7.6E-4		DUMMY_Q1	48.6	DUMMY_Q1	48.6		Prototypus syntheticus		56 °C	Psychrophilic	Free living		o	DUMMY_Q1	H	D	P	Q	HDPQ	106357901		138	19	17	0.13768115942028986	0.12318840579710146	1.1176470588235294	1.2666666666666666	-1.9683012970769518	15756.271399999981	6.0645158767700185	0.08695652173913043	34.461594202898546	-1.071739130434783	0.37762323021888733	0.0017347688553854823	0.16612964868545532	0.11897219717502594	-0.016424093395471573	0.050696514546871185	0.030676163733005524	-0.027925841510295868	0.05239732190966606	0.034607820212841034
DUMMY_H40	LQMCIQEQTIHWKDVARRLAMNFHFAPQLFSGDNCCTEKTAQCCKYRQTMFVRENTQERHPILDMERGRTTMSSDCTNVKHPAHHVNHLGICDQFWKKNVRKRPNNDSICINNFACLDPWDPREMDEQFGNYWKDLTP	False	Putative hydrolase family protein, dummy homolog #40	2010-09-15	DUMMY_Q1	47.1	E	0.18	0.06	dummy_db	138	4.9	63.9	PF00000 Dummy_domain 8-121 7.5E-26		DUMMY_Q1	47.1	DUMMY_Q1	47.1		Testivibrio testicus		43 °C	Thermophilic	Host associated		o	DUMMY_Q1	H	D	P	Q	HDPQ	254007342		138	17	18	0.12318840579710146	0.13043478260869565	0.9444444444444444	1.2142857142857142	1.3020028553012217	16404.48099999998	7.7228502273559565	0.09420289855072464	40.0644927536232	-0.852898550724638	-0.10109852999448776	-0.0752602368593216	0.004265629220753908	0.09075405448675156	0.038272395730018616	-0.0543585866689682	-0.1301887482404709	0.007043148390948772	0.06829066574573517	0.015597017481923103
DUMMY_H41	QVDVIQARAVLNVDMKTQEMFNYLEHYCLQEADEQCFNIKVKFCNKVCVSFTACNTQRQLIALDPTVGAEEQSSDRPWVVWCEALINENCMPIPCVMRGPDCMANNWVGMAMHFQHTAPGNPMQMWENRVVKREGFMV	False	Putative hydrolase family protein, dummy homolog #41		DUMMY_Q1	42.8	E	0.37	0.4	dummy_db	138	7.8	73.1	PF00000 Dummy_domain 8-121 3.2E-26		DUMMY_Q1	42.8	DUMMY_Q1	42.8		Fakeomonas modelus		31 °C	Thermophilic	Host associated		o	DUMMY_Q1	H	D	P	Q	HDPQ	178374710		138	16	11	0.11594202898550725	0.07971014492753623	1.4545454545454546	1.6	-5.0397085529598655	15894.260699999997	5.098650932312012	0.08695652173913043	37.910144927536216	-0.19057971014492753	0.06198699399828911	-0.0589577741920948	-0.07109808921813965	0.05304356664419174	0.10616472363471985	0.06855230778455734	-0.038405127823352814	-0.011327316053211689	-0.05378768593072891	0.05604717507958412
DUMMY_H42	IVQCSPCMFEQWKIVKVSVARLQFYARATRRGDRGPFENRVQDVLRRNSAIKAWNAQEYQAAHTYCLSETCGSESKYDRRINEHWVNNNGIPLYWIPYSKWHMFNQCAHMINCFHHTTPENERYCRCERAVKSFKVTA	False	Putative hydrolase family protein, dummy homolog #42	2020-01-24	DUMMY_Q1	42.8	A	0.88	0.21	dummy_db	138	6.4	70.8	PF00000 Dummy_domain 8-121 7.4E-11		DUMMY_Q1	42.8	DUMMY_Q1	42.8		Fictibacter fakei		17 °C	Psychrophilic	Free living		o	DUMMY_Q1	H	D	P	Q	HDPQ	291757165		138	12	20	0.08695652173913043	0.14492753623188406	0.6	0.8571428571428571	8.218479250817145	16424.5183	9.221896171569824	0.13043478260869565	35.217463768115934	-0.6775362318840582	-4.266705218469724e-05	-0.11626339703798294	-0.08430556952953339	0.017613975331187248	0.05678650364279747	-0.03934554383158684	-0.025882301852107048	0.011924570426344872	-0.007488974370062351	-0.042505186051130295
DUMMY_H43	DVQFIQPYDVEWKDNKIHQAENMHWANELRSGDYNYREVPVCDCGYYYTRPRRPERREDHVCLALKQKATDASWPCKDVRHENHLNAEKGASYWWWYHYIDKMPNNHSFNYHHEILCDPEIDRGEWMMRGKRDRGVQR	False	Putative hydrolase family protein, dummy homolog #43	2015-02-17	DUMMY_Q1	43.5	E	0.64	0.31	dummy_db	138	4.7	65	PF00000 Dummy_domain 8-121 7.3E-20		DUMMY_Q1	43.5	DUMMY_Q1	43.5		Pseudodatum fictus		32 °C	Thermophilic	Symbiotic		o	DUMMY_Q1	H	D	P	Q	HDPQ	077494089		138	23	21	0.16666666666666666	0.15217391304347827	1.0952380952380953	1.7692307692307692	-1.4785834457130456	16942.65059999999	6.527696800231933	0.13768115942028986	53.79275362318841	-1.277536231884058	0.243850976228714	-0.0680190697312355	0.013653678819537163	0.05947783216834068	0.025628579780459404	-0.03969678282737732	0.021245814859867096	0.07939093559980392	0.01086580939590931	-0.03108193725347519
DUMMY_H44	NVHTSGAYTVYTDLVKLLQDRNRLGWKLQYMGDLKPMWMHGVHAMYTNTYLVPWLTVQPCDACTCETGAKWQVWSTVCKKHIAEPGNEMGIPLQAVEYYPDSMANEDCLKPMRFHHTTLVNPRQVWENVGVSWCGYAV	False	Putative hydrolase family protein, dummy homolog #44	2006-03-19	DUMMY_Q1	40.6	A	0.11	0.35	dummy_db	138	4.8	40.4	PF00000 Dummy_domain 8-121 7.8E-9		DUMMY_Q1	40.6	DUMMY_Q1	40.6		Prototypus standardus		16 °C	Psychrophilic	Free living		o	DUMMY_Q1	H	D	P	Q	HDPQ	852606613		138	12	11	0.08695652173913043	0.07971014492753623	1.0909090909090908	1.3333333333333333	-0.767696873983926	15867.10129999999	6.631086921691895	0.11594202898550726	36.05434782608693	-0.29637681159420287	-0.015883782878518105	-0.012436693534255028	-0.016239620745182037	0.1430102288722992	0.09855534881353378	0.10274117439985275	0.01867925189435482	0.034682050347328186	-0.11564705520868301	0.010550524108111858
DUMMY_H45	ARERISAGNTCFKAYCNFVVRSELIFYALFERDECVTVMWVEGYNYDYTIHVCNLTEEHHPALHIEDGDTNWGNSKKDERHKVVLTNECGMRLFCVLTETLQEAHWNTSMINTFRHTVQIDPTKHEMGYPVKDPRVTA	False	Putative hydrolase family protein, dummy homolog #45		DUMMY_Q1	39.9	B	0.49	0.64	dummy_db	138	7.4	89.2	PF00000 Dummy_domain 8-121 9.4E-4		DUMMY_Q1	39.9	DUMMY_Q1	39.9		Prototypus fakei		70 °C	Mesophilic	Symbiotic		o	DUMMY_Q1	H	D	P	Q	HDPQ	517392385		138	20	14	0.14492753623188406	0.10144927536231885	1.4285714285714286	1.6666666666666667	-5.53382452566065	16130.02999999999	5.713648796081543	0.10869565217391304	35.3696376811594	-0.47318840579710153	-0.16988106071949005	0.11826041340827942	-0.1228037104010582	-0.04496309161186218	0.01840636506676674	0.03547262027859688	0.00824593473225832	-0.014960086904466152	-0.06123767048120499	0.02996969409286976
DUMMY_H46	RRGHIVWHRVLFKYDKTPVADMGSIEYGSRKFDWFLPKFWVTVNTIRNRDKMRWNNRELHAALDILRGAIGTSWDCSVLALTLALAWRMFIDLMAVEMYCLKMSGTTSSAWQWFEFTDCRNPLWQWESRGVKSKMAKC	False	Putative hydrolase family protein, dummy homolog #46		DUMMY_Q1	37.7	A	0.93	0.88	dummy_db	138	5.1	84.1	PF00000 Dummy_domain 8-121 2.0E-9		DUMMY_Q1	37.7	DUMMY_Q1	37.7		Synthomonas syntheticus		66 °C	Thermophilic	Free living		o	DUMMY_Q1	H	D	P	Q	HDPQ	643390540		138	13	21	0.09420289855072464	0.15217391304347827	0.6190476190476191	0.8666666666666667	7.992930605153809	16386.927099999994	9.647387504577637	0.14492753623188406	48.376811594202884	-0.25289855072463774	-0.35521742701530457	0.003058002330362797	-0.1378103494644165	0.02624502405524254	0.08321542292833328	0.013824072666466236	0.0324556939303875	0.049699969589710236	0.12880177795886993	0.029773518443107605
DUMMY_H47	MVCCCQADTLKYYNWTCKVCKNELSNYNGRRCDTCFQEEWVQPENVPETDNMIISTKEPHRSGLRGNGRKTMIDLFIDKKYTEHEENEAGRRIHFVEKTYMKLAWNDEMMMKHFWDRLEEGPRQQWVVDWVGDRGVGE	False	Putative hydrolase family protein, dummy homolog #47	2021-07-16	DUMMY_Q1	37	A	0.71	0.2	dummy_db	138	5.6	80.7	PF00000 Dummy_domain 8-121 3.0E-24		DUMMY_Q1	37	DUMMY_Q1	37		Fictibacter simulans		75 °C	Psychrophilic	Host associated		o	DUMMY_Q1	H	D	P	Q	HDPQ	731825390		138	24	20	0.17391304347826086	0.14492753623188406	1.2	1.6	-4.1778594462941605	16534.543299999983	5.629413414001465	0.10869565217391304	27.259420289855058	-0.9362318840579713	0.15037836134433746	-0.07155851274728775	-0.052520234137773514	-0.13606521487236023	-0.043975625187158585	-0.0897257849574089	0.07825201004743576	0.0869644284248352	0.044880494475364685	0.07722432166337967
DUMMY_H48	IVADWILYTVQYTEMNKHSRRQEEIAYLLKMGQMQWYEMECQDIRHPIVDFVRENTQEAAMCLLYGQSKPVRHSDCALVKVCEHLESNQCLPHCFIWGYKCLSVVVCWRWMAHHDHIDPRPPRFKWKMRRMKDKWVDF	False	Putative hydrolase family protein, dummy homolog #48	2001-11-26	DUMMY_Q1	37	B	0.58	0.36	dummy_db	138	5.7	42.5	PF00000 Dummy_domain 8-121 8.0E-28		DUMMY_Q1	37	DUMMY_Q1	37		Fakeomonas standardus		54 °C	Thermophilic	Free living		o	DUMMY_Q1	H	D	P	Q	HDPQ	100683312		138	17	19	0.12318840579710146	0.13768115942028986	0.8947368421052632	1.0625	2.3974624307265486	16846.492199999997	8.163002967834473	0.12318840579710146	50.09927536231883	-0.47536231884058	0.010279565118253231	-0.15308110415935516	-0.13076619803905487	-0.011684278026223183	0.057510074228048325	-0.10423403233289719	0.032164935022592545	0.0345245786011219	-0.03962288051843643	-0.052246224135160446
DUMMY_H49	LWRYELLYHPKMGDAHSQDAQYVFIFIQKRQGDECWTRMNCAWETYTNNDFVFHNVNEGTRPWGCNKNKSTGVWGQKLCKSREHLVTLFGIPLITGEYKRNPMNVISVEMYMHFNMLKPMSPRSCQEGRADYDKPHTE	False	Putative hydrolase family protein, dummy homolog #49		DUMMY_Q1	34.8	E	0.11	0.11	dummy_db	138	6	46.6	PF00000 Dummy_domain 8-121 8.8E-15		DUMMY_Q1	34.8	DUMMY_Q1	34.8		Mockibacter standardus		29 °C	Mesophilic	Free living		o	DUMMY_Q1	H	D	P	Q	HDPQ	019922049		138	15	17	0.10869565217391304	0.12318840579710146	0.8823529411764706	1.0714285714285714	2.254833781203203	16370.470699999989	8.307863426208495	0.13043478260869565	43.67101449275361	-0.7644927536231884	-0.04840279370546341	0.025506775826215744	-0.04440879821777344	0.09583783149719238	-0.04641716927289963	0.0811091735959053	-0.004306902177631855	0.012263725511729717	-0.03480592742562294	-0.00933152250945568
