id	Sequence	query	taxName	taxId	Description	Databases	length	acidic_count	basic_count	acidic_ratio	basic_ratio	ED_RK_ratio	ED_IK_ratio	net_charge_pH7	MW	pI	aromaticity	instability_index	GRAVY
id	label	label	label	label	label	label	label	label	label	label	label	label	label	label	label	label	label	label	label
DUMMY_FS1	DQMNAHSVIPKPALRCQVLARKCDCHCSPDKNERILPRYEHADHAFWEVRNWNTLRPKMQFYFGFTKHCFLWWGQRGRCVIWVVNLAIGQTEFGYHSVCESPCPGPAHDRKVHPHGDIQS	True	Placeholderium nominalis	9000000		pdb100	120	11	15	0.09166666666666666	0.125	0.7333333333333333	1.0	4.4771572551026075	14040.924799999988	8.694609260559083	0.11666666666666668	34.15674999999998	-0.5775000000000002
DUMMY_FS2	DQMNAHSVIPKPALRCQVLARKCDCHCSPDKNERILPRYEHADHAFWEVRNWNTLRPKMQFYFGFTKHCFLWWGQRGRCVIWQVNLAIGQTEFGYHSVCESPCPGPAHDRKVHWHGDIQS	False	Blankomyces dummius	9000001		pdb100	120	11	15	0.09166666666666666	0.125	0.7333333333333333	1.0	4.4771572551026075	14159.01769999999	8.694609260559083	0.125	36.20924999999998	-0.6358333333333337
DUMMY_FS7	DSMNAHSVIPPPALRCQVLARKCDCHCSPDPNEVILPRSEIADHAFWEVRNWNTLRPKMQFYFGFTKHCFLWWGQRGRCVIWVVNLAIRQTEFGYHSVCESPCMAPAHDRKVHPHGDIRS	False	Sampleorganismus placeholdi	9000006		pdb100	120	11	14	0.09166666666666666	0.11666666666666667	0.7857142857142857	1.1	3.3929700699450223	13955.924699999987	8.501655387878419	0.10833333333333334	54.41424999999998	-0.3708333333333333
DUMMY_FS12	DQMNAHSVYPKPALVCNVFARKCDCHCSPDKHERILPRYEHADHAFWEVRDWDKIRPKMKFYFGFTKHCFLPWGQRGRCVIWVPNLEIGQTKFGYNSVCESPIPGFAHDRKQYGHGDIQS	False	Fakeomonas dummius	9000011		pdb100	120	13	17	0.10833333333333334	0.14166666666666666	0.7647058823529411	0.8666666666666667	4.397140573731718	14123.981799999987	8.71253147125244	0.14166666666666666	30.928416666666656	-0.6725000000000002
DUMMY_FS17	DSMNAWSVIPKPDVRCQVLARVRDCHCSPFTNDRILPRYEHHDHAPSEVRNWNTLRPCMQFYFGSQKECFLGWGQEGRHVIWVVNFWIGQTEFLYHSVCESPDPGPAHVRAVHPHHDYQS	False	Placeholderium simulans	9000016		pdb100	120	13	11	0.10833333333333334	0.09166666666666666	1.1818181818181819	2.1666666666666665	-1.4089383505347293	14096.681499999993	6.565778923034667	0.125	45.897583333333316	-0.6091666666666666
DUMMY_FS22	DQMNRHSDIIPRATRWQVLARKCDCHCSPDWNERFLVRYTIADYAFWHWCMWNTLRDKHQFYFGFKKSCFLWKDQEGRCNIWVVNVMIGQTEFDYVSCPESPGPGNAHDRKVHSSGDILS	False	Exemplaris exemplaris	9000021		pdb100	120	14	15	0.11666666666666667	0.125	0.9333333333333333	1.1666666666666667	1.2262092612250246	14333.07269999999	7.770424461364747	0.15	52.99425	-0.6208333333333335
DUMMY_FS27	IGMNEHHAIPEPFYRPQVEARKCDCHCQCHKNERLLPRYECRDNAFEWVRNVNWGRPKMQLYFGFTNFCFLWWGQRGCIVVWVVMLAIGQVEYGYFCSCASPRPNDFHDRHKHPHGDRYD	False	Sampleorganismus referens	9000026		pdb100	120	13	15	0.10833333333333334	0.125	0.8666666666666667	1.625	2.3878649015037343	14464.347799999989	8.144693946838384	0.15833333333333333	33.49341666666666	-0.6549999999999999
DUMMY_FS32	CQKDASSVIKKPLLRCQVHSMKLTIAQSPDGNERIMGIYEHADYDFCSVRQHNTLNPCYQFYFGTTNYLFLQTGARERCRIWICNYNIGFIGHGWISVNESWPAGPATDTKVGDHGDIVS	False	Placeholderium referens	9000031		pdb100	120	11	11	0.09166666666666666	0.09166666666666666	1.0	0.7333333333333333	0.14460477895091373	13618.245699999985	7.096427726745605	0.11666666666666668	21.693416666666664	-0.3641666666666666
DUMMY_FS37	FAMKAMSRSPSPAPRKDVKARKAHCVQSPDFKGRKLPRYEYWTSPSWSLGYWTTVRCKMHFYFGFTKHCGMTGSQTRRCNISCNVSPICQRERPYRVVCLSPNPGPHHGRQVVQHWVIIN	False	Testivibrio genericus	9000036		pdb100	120	4	20	0.03333333333333333	0.16666666666666666	0.2	0.3333333333333333	16.20859524706284	13941.047699999986	10.231084251403807	0.11666666666666668	60.79674999999998	-0.6508333333333332
DUMMY_FS42	GEFSTPMDQPRPAPCLQLLTRKFGVHCHWMKHPNIGPRYIRKPHDFAEVRNWTTLRGAMQFIAGETDHNFLHVFQAGDGLGIHDNDMIGVTYFGSQIDYGSPDPSNAYDRKVLFHFDAQS	False	Fictibacter nominalis	9000041		pdb100	120	13	11	0.10833333333333334	0.09166666666666666	1.1818181818181819	1.3	-1.5507298719459612	13687.229699999985	6.451475715637206	0.125	31.053333333333327	-0.5475000000000002
DUMMY_FS47	DNIWFYIVRPYSALMLMTWAFQCHHHCSTDHPEDYIEREAHARSVFQPSDNDNMCCPTMWMTTFFTSPQFLRDGQRAEMTAWCGPYGMQQTEFYPWFPCGGPKPMCNHMIDSRMQGIVES	False	Testivibrio standardus	9000046		pdb100	120	13	7	0.10833333333333334	0.058333333333333334	1.8571428571428572	2.1666666666666665	-5.767506093952083	14158.967699999992	5.3203229904174805	0.15000000000000002	48.44433333333333	-0.48750000000000004
DUMMY_FS3	DQMGAHSVIPKPALRCQVLARKCDCHCSPDKNERILPRYEHADIAFWWVRNWNTLRPKMQFYFGFQKHCFLWWGQRGRCVIWVVNLAIGQTEFGYHSVCESPCPGPAHDRKVHPHGDIQS	False	Placeholderium mockii	9000002		afdb50	120	10	15	0.08333333333333333	0.125	0.6666666666666666	0.8333333333333334	5.387172604874811	14044.01299999999	8.872993278503419	0.125	32.74174999999999	-0.4891666666666667
DUMMY_FS8	DQMNAHDTIPKPALRCQVLAHKCDCGCSPDKNWRIKPRYEHADHAYWYVRNWNTGRLKYQFYFGFTKHCFLWWGQRGRCVIWVVNLAIGQCEFGYTSVCESPCPGPAHDRKVHPHGDIQS	False	Blankomyces standardus	9000007		afdb50	120	10	15	0.08333333333333333	0.125	0.6666666666666666	0.8333333333333334	5.371595909646432	14051.859499999991	8.770166206359864	0.14166666666666666	14.496749999999995	-0.6341666666666668
DUMMY_FS13	KQMNACSVIPKPALRDQPLARKCDCHYSSDKNERIIPRFAHADHAFKEVRNWNTLRPNMQDYFGFTKHCFLWLGQRGNCVIWVVNLAIYDTEFNTHCVCESPCPCPASDRKVHPAGDIQS	False	Synthomonas mockii	9000012		afdb50	120	12	15	0.1	0.125	0.8	0.9230769230769231	3.2041757590473186	13820.665699999985	8.419329261779787	0.1	43.02833333333331	-0.5141666666666669
DUMMY_FS18	DQMVAHSVIPKPLLTCQVLARKNDCHCDDDKNERDLPRYEHSDGAIWEVRNWNTLSPKMQFCFIFTKQCFRENGQRGVCVIWDVRLALAQTIFGYHSVCESFCWGPPHDRGVVPHGCIDR	False	Pseudodatum simulans	9000017		afdb50	120	15	14	0.125	0.11666666666666667	1.0714285714285714	1.3636363636363635	-0.787785254002781	13904.738899999988	6.6289270401000975	0.1	16.85916666666666	-0.41250000000000014
DUMMY_FS23	DQMTAGKVSLKQICCCQELARKCDCHCLPDKGERILPSYEHLDPAFHHNRNWNTDRPKMQFCFGRTKHAWLDKGARCRCVIWIVNEHHGQTEFGLHGVCESPCPGPQIDRKTHPAGDIQP	False	Blankomyces nominalis	9000022		afdb50	120	14	16	0.11666666666666667	0.13333333333333333	0.875	1.0	2.452516268558483	13731.583099999985	8.077775764465333	0.06666666666666667	32.42749999999999	-0.7308333333333334
DUMMY_FS28	DKDHMHCHIPKFRLNCAPAARKFDCHWSADKPETIFPRYIHPNHHSWEQRNKNTRRPLMQFPFGTTKWFPLWQGQRGRCYITVVDPYIGLTEFKYMPVCNSPCPGGAHDRKQHLHDDIQS	False	Fakeomonas referens	9000027		afdb50	120	11	17	0.09166666666666666	0.14166666666666666	0.6470588235294118	0.7857142857142857	6.57775701849148	14268.120699999985	9.15278606414795	0.125	58.815	-0.921666666666667
DUMMY_FS33	AQMWAHSDIPWPNLPCQHLTAMDEGKCSEDKNEEMLPVYEHKLHAMWLERRWNTLRPKMQFYLGDTKCCGNLSGQRFRCYWWVINLAINAMFCWILKQWLDPCPGTAVQRKVIPHKDIQS	False	Dummyella placeholdi	9000032		afdb50	120	12	14	0.1	0.11666666666666667	0.8571428571428571	0.8571428571428571	2.174976925523266	14275.480699999986	8.235207557678223	0.11666666666666667	40.504249999999985	-0.4841666666666671
DUMMY_FS38	DQDNFHSVIPDPALICYGLARNGRTPHRPPKLGRPLLSSEFAPPTQWDVRNWGWLRIRQQLDMPDVKHDHLWWPYRARIKKTLVMLAISWIPVSCHWVHHSMCTGPLHDRKSHPHGDIQN	False	Nullospora exemplaris	9000037		afdb50	120	10	15	0.08333333333333333	0.125	0.6666666666666666	0.8333333333333334	5.607944830876937	14087.038199999988	9.50471897125244	0.09166666666666666	34.9225	-0.6433333333333334
DUMMY_FS43	DQEFKHDNWPKDGPLAMVLCRTWMCNQEPEKMERILMFCYLACPWHLETANAQSPRCLTEFLHYNTTFCREFFMTRGRCVECNVFRAHGQSSFRFHVVNEFHCPGPAAEPKVHPKTDIKE	False	Pseudodatum exemplaris	9000042		afdb50	120	15	14	0.125	0.11666666666666667	1.0714285714285714	1.875	-0.6862245808795091	14197.17689999998	6.705943870544433	0.125	48.30583333333332	-0.5375000000000002
DUMMY_FS48	DYPPYLSRITKHPVMFLSGLAPCSSGCSAIKPKWIKPRWLLQSHCHLFDMKHNTSFIEMLVYNCFPEDFFAPYDQIGRNPISVFNKGCTADAIGYHSVLYSMCKVPAHTCKKVPCAGAQS	False	Simulatia nominalis	9000047		afdb50	120	7	12	0.058333333333333334	0.1	0.5833333333333334	0.4375	5.200148536885372	13502.63879999998	8.810845756530764	0.125	51.16833333333333	-0.07750000000000005
DUMMY_FS4	DQMNAHSVIPKHALRCQVLARKCDCHCSPDKGERILPRYEHADHDFWEVRNWNTLRNKMQFYFGFTKWCFLWWGQMGRCVIWVVNLAIGQTEFGYHSVCESPCPGPAHDRKVHPHGDIQS	False	Blankomyces placeholdi	9000003		bfmd	120	12	14	0.1	0.11666666666666667	0.8571428571428571	1.0909090909090908	2.4782880159424536	14108.97539999999	8.195043754577636	0.125	33.32008333333332	-0.5525000000000001
DUMMY_FS9	DDQNEHKVIPKPALRCQSLARWCDCHCSPDKNERIWPRYEHADHLFWEVRTWNTLRPKMQFYFGRTKFCFLQWGQAGRCVIWVVNLAIGQTEFGYHSVAESPRPGPAHDRKVHPHGDIQS	False	Exemplaris exemplaris	9000008		bfmd	120	13	16	0.10833333333333334	0.13333333333333333	0.8125	1.1818181818181819	3.413706270059098	14168.900199999985	8.609510993957521	0.125	41.38924999999998	-0.7525000000000006
DUMMY_FS14	DQMNAHAVIPKPFKRCVVSARKADCHCSPDKNCTILPRYEIADLAFWEVRNWNTLRKKMQFYFGFTRDCFLWWGQRGICVWWVVNLAIGQTEFIQHEVCSSPCPGPAHDRKHHPHGKIIS	False	Fakeomonas testicus	9000013		bfmd	120	10	16	0.08333333333333333	0.13333333333333333	0.625	0.625	6.299009415521223	14024.102899999987	9.0181116104126	0.125	30.039249999999985	-0.35999999999999993
DUMMY_FS19	DQLNAHSVKPKQALRCQVLARKCDCILHYNKNTRMLPPAEHATHAFWVMRNWNTLSPKMQTYFAFTWHCFITWGQRGRWVIVEVLLAIGKTEFGYHSVCESLCKGPAHDMKVHPHGDDQS	False	Filleria referens	9000018		bfmd	120	9	14	0.075	0.11666666666666667	0.6428571428571429	0.75	5.491060010089575	13917.932999999992	9.005927085876465	0.10833333333333335	34.00083333333332	-0.3975
DUMMY_FS24	RPMNAHSVLHGPALRCMKGARKCYMRCIPHKNEQKLPFTEDLDHMFWEVRSHNTLRPYMQFYFYFTKPLFLKVGQQGRCRIWVRNNAIGQFEKGYHNVQERFCPGFYHDRKVHPHGDIQS	False	Filleria standardus	9000023		bfmd	120	9	19	0.075	0.15833333333333333	0.47368421052631576	0.75	10.499603698724941	14452.554199999984	9.7124361038208	0.14166666666666666	50.20358333333331	-0.7700000000000001
DUMMY_FS29	DQMNRPQEIPKWALRLTVLAYKIDVHCSPSPNEQILPREEHAKKVNWMVRNNNLLRPKMQFYDPFTKHCALWMGIRNCTVIIVVNRAIGQTEFPQLYVCEDMWGDPAAQWGEHPEGDIQC	False	Sampleorganismus fictus	9000028		bfmd	120	14	13	0.11666666666666667	0.10833333333333334	1.0769230769230769	1.0	-0.9205593301536634	14060.075599999991	6.4583532333374025	0.09166666666666667	54.99675	-0.5041666666666668
DUMMY_FS34	DMMVAKSRFNVPAIRHTIWAAKCYCTQNHDKYEMILERYAYLDDANMEVCNLNTPMGKMYVSFGFTNPCHEAWGQRYRDVIMVKNEACMQEEYGYHCVFKSHCPGFAFDRMCHMLGDIQS	False	Mockibacter exemplaris	9000033		bfmd	120	14	12	0.11666666666666667	0.1	1.1666666666666667	1.2727272727272727	-1.7825886300698919	14101.125199999993	6.300738716125489	0.13333333333333333	34.20666666666666	-0.37500000000000006
DUMMY_FS39	DIANAHPVFHKPQLLPQVTFHKRDCHWLPCKDSFHLIRYPHRIRAFPEVFAWNLLVWWMQLYCGFVKHAFWWGRPRHWMNRMVVNNEIGNLESHYHTEVSRFCLGYAHDRKTKCHQYPQA	False	Fakeomonas dummius	9000038		bfmd	120	8	15	0.06666666666666667	0.125	0.5333333333333333	0.8	7.761332804312499	14677.799899999984	9.432063102722168	0.16666666666666669	52.271666666666654	-0.5125000000000001
DUMMY_FS44	DDLGLHEFIPKPQSRCNVQHARCDCHPNAIKSYDQLNRFECAMMEFKEYRYLNTPRGIMQNFFAPTNSCDMAKGCEDMCVCWKVWALILWNEDGGHPVFESFDNEPDQNRNWAPTMTWFS	False	Pseudodatum vacuus	9000043		bfmd	120	17	11	0.14166666666666666	0.09166666666666666	1.5454545454545454	1.8888888888888888	-5.94589101673216	14132.822999999988	5.055339622497558	0.13333333333333336	33.99166666666665	-0.6441666666666669
DUMMY_FS49	GRFGDEQVNILWWLLDQCDNTEGAMQPSAMQNTDIYFRVPGRMHACYFVVALASDRPTMSMAHCFCEHLFTWWKQGYRCCIFVVFLASGQAEFMYGKCCFSPPEFYPHAQKVMWQWFWQS	False	Pseudodatum simulans	9000048		bfmd	120	10	8	0.08333333333333333	0.06666666666666667	1.25	1.6666666666666667	-1.958795446511166	14191.223999999998	6.039336204528809	0.19166666666666665	48.518416666666646	-0.08999999999999994
DUMMY_FS5	DQMNAHSVIPYPALRCQVLARSCDCHCSPDKNERILPRTEHADHAFWEVRNWNTLRPKHQFYFGFTKHCFLWWGQRGRCVIMVVNLAIGQTEFGYSSVCESPCPGPAHDRKVYPHGVIQS	False	Simulatia exemplaris	9000004		cath50	120	10	13	0.08333333333333333	0.10833333333333334	0.7692307692307693	1.1111111111111112	3.389861306907177	13883.706299999989	8.486827659606934	0.11666666666666667	44.88924999999996	-0.4441666666666666
DUMMY_FS10	DQMNAHSVEPKPAGLCTVLARGCDCHCSPVANERILPRYEHSDHAMWEVRNWNTLRPKMQFYNGFTKHCFLWWGQRGRCLFWVVNLAIGQTCFGYPSVFDSPCPGPAEDRKVHPHGDIQS	False	Fakeomonas nominalis	9000009		cath50	120	11	12	0.09166666666666666	0.1	0.9166666666666666	1.5714285714285714	1.3048168804914368	13757.526699999986	7.758260917663575	0.11666666666666668	45.63258333333332	-0.4816666666666668
DUMMY_FS15	DQMCAHSVISTPALRCQVLARFCDCDCDPDLNVMILPRESHGDQYFWEVRNWNTLRPKMQFYFGDTKHCFLWWGQRGRYVIWVVNLAIGQCEMGYHSRYEIPIHGPAHDRKKHPHWDIQS	False	Pseudodatum syntheticus	9000014		cath50	120	13	13	0.10833333333333334	0.10833333333333334	1.0	1.1818181818181819	0.4004358777933543	14306.202899999993	7.206013298034668	0.13333333333333336	28.749249999999982	-0.5174999999999998
DUMMY_FS20	DKSNAHSIILKQALICQCLDRKDTCPMSPDKNERILPRYQHRDHLFISVRNWNTLRPLMQFYFGWTKHCFDWYGQRGRFVMWVVNLAMGQTEFGYQSVCEGPCPWWAQDHKVHPHGKIQP	False	Dummyella vacuus	9000019		cath50	120	10	15	0.08333333333333333	0.125	0.6666666666666666	0.7692307692307693	5.316122693686877	14317.334899999994	9.005217933654787	0.13333333333333336	28.590916666666658	-0.6125000000000002
DUMMY_FS25	CQMNRAWYCGKPADGCQVRARKCFCHCSPDNNSRILPRNGHARHAFTLVANWFTLRPKTPFYFGFTKECFLIWGQGGNCNIWFVNLPIGLTLFGYMWVCTSPCRAPAFDRVTHPHHDICS	False	Placeholderium simulans	9000024		cath50	120	5	13	0.041666666666666664	0.10833333333333334	0.38461538461538464	0.5555555555555556	8.174446352267289	13800.858999999984	9.113138008117676	0.15000000000000002	44.38258333333333	-0.18333333333333343
DUMMY_FS30	QPMPGHSVIPTPMLRCQVFQRKCDEHCSPDSNERSLPRYNHAPHAFWEEKCDQMGRPYKLTYFWFTKLCRLWWGQRQAIVISVVNYAIGGYEFIYYWEVNSKCPGEHVDRYGVPHALVQS	False	Simulatia dummius	9000029		cath50	120	11	13	0.09166666666666666	0.10833333333333334	0.8461538461538461	1.1	2.234830068507593	14209.076099999993	8.26853771209717	0.15000000000000002	36.01166666666664	-0.5525000000000001
DUMMY_FS35	DLMNLMSVVPTPYQWCPHLASKCNCHRSPNKNEMKQMSEEIIHQAWSGRRAINTAVPFPQWAFHFTKHCFCWWGGPHGCVAWVVHLAISSTEFGYFPELESVWPRPCIVRDLHPHWDEQE	False	Mockibacter referens	9000034		cath50	120	11	9	0.09166666666666666	0.075	1.2222222222222223	1.2222222222222223	-1.499598369333789	14070.957199999993	6.517295265197753	0.13333333333333333	58.98666666666666	-0.38000000000000017
DUMMY_FS40	KRYNAISRLKKDKPMKNRDEHDCWYCCTVDKHERFLPDEEHAYHRFKRNKTWSINRMGRRFYFGFTFKQNLWVQTRGYRVYSVVQMAIGCFEEGYHSPWESPDPGKANDRKACNGDDITS	False	Sampleorganismus exemplaris	9000039		cath50	120	16	23	0.13333333333333333	0.19166666666666668	0.6956521739130435	1.0666666666666667	7.158125670456233	14493.163099999987	9.259996986389158	0.15	40.59508333333332	-1.1541666666666672
DUMMY_FS45	DQMWNAGHIGRAECRYQTKKCKAGCEKQYDKWNTETPRYECALIAFWELRNWQTYRQKYFNYIYFTLMLGWWQGQQLRCWPIKKFVVGGHTEHSYSSACEHNCYEPDWAGDWTSHGWNQV	False	Exemplaris genericus	9000044		cath50	120	12	14	0.1	0.11666666666666667	0.8571428571428571	1.0	2.136589347931208	14575.190199999994	8.191046714782715	0.19166666666666665	36.23916666666665	-0.9266666666666674
DUMMY_FS50	MMNEAHAVIAIIGLEMFKEWRECGCSCVPQKLASEHNQWEHMTSAFWIVINRQSLRNKNLGYCGHHYPRFLWMPQTDWAIVTYWSAGNALVLFPTDSWCTNPHYWPNEHLKQHSHCWHKK	False	Simulatia standardus	9000049		cath50	120	9	10	0.075	0.08333333333333333	0.9	0.75	1.3245753755953018	14294.231899999988	7.714267539978027	0.14166666666666666	47.44999999999999	-0.4658333333333334
DUMMY_FS6	DQMNAHSVIPKPALRCQVLARQCDCVCSFDKKIRILPRYEHADHAFWEVREWNTLRPKMQFYFGFTKHMSLWWGQRGRCVIWVVNLAIGQTEFGYHRVCESPCPGPAHDRKVCPHGDIQS	False	Exemplaris fakei	9000005		mgnify_esm30	120	11	16	0.09166666666666666	0.13333333333333333	0.6875	0.9166666666666666	5.302798878693434	14069.125299999987	8.872670936584473	0.11666666666666668	33.16591666666666	-0.4308333333333332
DUMMY_FS11	DQQNAMSVIPKPALRCQVAARKCTGHCPPDKMERILPRYEHAKHAFWKVRNWNTLRPKMQFYFKFTKHCFLWWGQRGRCVIWVVGLAILQTEFEYHSVCESDCPKPACDRKVPPHGDIRS	False	Filleria nominalis	9000010		mgnify_esm30	120	10	20	0.08333333333333333	0.16666666666666666	0.5	0.6666666666666666	10.210507925502995	14154.402299999987	9.475127983093262	0.11666666666666668	48.91508333333333	-0.5525000000000002
DUMMY_FS16	DQHNALSVILKPALWCHVLARTRDCHCSPDYDERILPEYEHADHAFWEIRNWNTGPPKMQFYFIHTKHCFLQIGQRSRDMIWVVNLAIGQTEFGYHSVCESPSPTPFHEFKVHPRGSIQD	False	Placeholderium vacuus	9000015		mgnify_esm30	120	14	11	0.11666666666666667	0.09166666666666666	1.2727272727272727	1.1666666666666667	-2.395023999053203	14128.819599999986	6.359226036071777	0.125	55.84508333333333	-0.5241666666666668
DUMMY_FS21	DQGNAHYVIKKWEEREQFLARNCMCHCSPTKNERYLPSYEHYDHAFWECVWIGTHRWWMGFYFGFTKHCFLWWGQRVRCVYMVVNLAEGQTIFGYASVCESPCPGPAHDRLRALHGNRQS	False	Synthomonas mockii	9000020		mgnify_esm30	120	11	13	0.09166666666666666	0.10833333333333334	0.8461538461538461	1.5714285714285714	2.393054167950117	14366.173399999985	8.18260135650635	0.175	60.374249999999975	-0.5450000000000002
DUMMY_FS26	EQMNAHSWPNKPIHRCQVYARKFDCTAIPDKNERIVDVSYDVDDAEWQVRNWNRMRPKVQPWFGYTKRCFLEWMQRERCVIWVTNLKIGDTEFGYRSVKEAPCPGPDHDRPVHPCKSIQV	False	Prototypus syntheticus	9000025		mgnify_esm30	120	16	19	0.13333333333333333	0.15833333333333333	0.8421052631578947	1.1428571428571428	3.1409700405321246	14377.235099999987	8.587656211853027	0.11666666666666667	16.530833333333337	-0.8666666666666668
DUMMY_FS31	PQWNAKSWINKMCLRCIEVAGKRDHHTQPDKNERIKLDAHSADHAKKWVRNQNTVRRDAFFYFFKTKHCWYWLRQRARCKRSVVNLAWFQTEFDMISYCVMPSLGPLHDRKVHKHGFIQS	False	Nullospora simulans	9000030		mgnify_esm30	120	10	23	0.08333333333333333	0.19166666666666668	0.43478260869565216	0.5882352941176471	13.607599121733521	14557.65059999999	9.986749076843264	0.13333333333333333	49.958416666666665	-0.8041666666666673
DUMMY_FS36	DQMNGHPFNPKPVLRMQGLARHTDCHSLCLSFERWLYLYEMNDFAFKGRKNWATICPKMWFYRGFWNNCFLWFPCHGRKVIQTVNLLTGQIQFGSHSVVESNCKRFHHVRVVHPVAGIYI	False	Prototypus syntheticus	9000035		mgnify_esm30	120	6	14	0.05	0.11666666666666667	0.42857142857142855	0.5454545454545454	8.399812839181084	14258.442499999986	9.503816413879395	0.15833333333333335	30.71758333333333	-0.23749999999999993
DUMMY_FS41	CLGNVYLSEIQNALRCGAMERKCDKMRVPDLNRQNLPRYCEAQKDDDECCAMDTLRVKDFFYEYMTKHCFLWQGQREACIIWVINTHIATIKQPYHSTCDVPYPGVAADGHVHYAEDIER	False	Prototypus testicus	9000040		mgnify_esm30	120	18	14	0.15	0.11666666666666667	1.2857142857142858	1.3846153846153846	-3.8725120624317455	14022.860199999992	5.678067588806152	0.1	55.07508333333332	-0.5058333333333336
DUMMY_FS46	DQMNGYSFPPYVHCDCVYLCTSTFCHCSEDKNICISPQHMMVPCACYAVDNNGFCRPFMQFVGFFMDKKFLYWQQQGKCHDHFCYVNDGQTWWGDIMMVWDMCIEWSHTRKIHDIACWAS	False	Mockibacter fictus	9000045		mgnify_esm30	120	12	7	0.1	0.058333333333333334	1.7142857142857142	1.0909090909090908	-4.752572416759865	14257.283799999997	5.677499198913575	0.175	41.430833333333325	-0.18333333333333326
