reference_id,query_id,reference_rank,query_rank,n_aligned_residues,rmsd,method,timestamp
AgepGT_S3,AGS49401.1,0,0,195,1.6399,seq,2026-07-01 10:04:42
AgepGT_S3,AGS49401.1,0,0,368,3.5063,ce,2026-07-01 10:04:44
AgepGT_S3,WP_159500997.1,0,0,213,0.9357,seq,2026-07-01 10:04:44
AgepGT_S3,WP_159500997.1,0,0,368,3.676,ce,2026-07-01 10:04:45
AgepGT_S3,AGS49401.1,1,0,200,1.7843,seq,2026-07-01 10:23:06
AgepGT_S3,AGS49401.1,1,0,368,3.9453,ce,2026-07-01 10:23:07
AgepGT_S3,WP_159500997.1,1,0,213,0.9886,seq,2026-07-01 10:23:07
AgepGT_S3,WP_159500997.1,1,0,360,3.1875,ce,2026-07-01 10:23:08
AgepGT_S3,AGS49401.1,2,0,205,2.1968,seq,2026-07-01 10:23:32
AgepGT_S3,AGS49401.1,2,0,368,4.096,ce,2026-07-01 10:23:34
AgepGT_S3,WP_159500997.1,2,0,216,1.0562,seq,2026-07-01 10:23:34
AgepGT_S3,WP_159500997.1,2,0,368,3.504,ce,2026-07-01 10:23:35
AgepGT_S3,AGS49401.1,0,1,192,1.4602,seq,2026-07-01 10:31:26
AgepGT_S3,AGS49401.1,0,1,368,3.4989,ce,2026-07-01 10:31:27
AgepGT_S3,WP_159500997.1,0,1,226,1.2417,seq,2026-07-01 10:31:27
AgepGT_S3,WP_159500997.1,0,1,360,2.9519,ce,2026-07-01 10:31:28
